Player Name,Team,Event,Price
Aleah Finnegan,LSU (SEC),VT,6250.0
Faith Torrez,Oklahoma (SEC),VT,6250.0
Haleigh Bryant,LSU (SEC),VT,6250.0
Isabella Magnelli,Kentucky (SEC),VT,6250.0
Jade Carey,Oregon State (Pac-12),VT,6250.0
Jerquavia Henderson,Iowa (Big Ten),VT,6250.0
Jordan Bowers,Oklahoma (SEC),VT,6250.0
Jordan Chiles,UCLA (Big Ten),VT,6250.0
Kailin Chio,LSU (SEC),VT,6250.0
Kayla DiCello,Florida (SEC),VT,6250.0
Keira Wells,Oklahoma (SEC),VT,6250.0
Kyra Burns,Missouri (SEC),VT,6250.0
Leanne Wong,Florida (SEC),VT,6250.0
Makenna Smith,Utah (Big 12),VT,6250.0
Nikki Smith,Michigan State (Big Ten),VT,6250.0
Sage Kellerman,Michigan State (Big Ten),VT,6250.0
Selena Harris-Miranda,Florida (SEC),VT,6250.0
Suki Pfister,Ball State (MAC),VT,6250.0
Amari Drayton,LSU (SEC),VT,5000.0
Anna Flynn Cashion,Kentucky (SEC),VT,5000.0
Anna Roberts,Stanford (ACC),VT,5000.0
Ashley Glynn,Utah (Big 12),VT,5000.0
Ashley Knight,NC State (ACC),VT,5000.0
Audrey Davis,Oklahoma (SEC),VT,5000.0
Ava Piedrahita,Penn State (Big Ten),VT,5000.0
Ava Siegfeldt,Oklahoma (SEC),VT,5000.0
Avery Neff,Utah (Big 12),VT,5000.0
Bri Edwards,Florida (SEC),VT,5000.0
Chae Campbell,UCLA (Big Ten),VT,5000.0
Elise Tisler,Missouri (SEC),VT,5000.0
Hailey Klein,Arkansas (SEC),VT,5000.0
Hannah Scheible,Oklahoma (SEC),VT,5000.0
Jillian Procasky,Kentucky (SEC),VT,5000.0
KJ Johnson,LSU (SEC),VT,5000.0
Karina Munoz,Iowa (Big Ten),VT,5000.0
Katelyn Rosen,UCLA (Big Ten),VT,5000.0
Kylee Kvamme,Alabama (SEC),VT,5000.0
Lauren Rutherford,Clemson (ACC),VT,5000.0
Lauren Williams,Arkansas (SEC),VT,5000.0
Leah Smith,Arkansas (SEC),VT,5000.0
Lilly Hudson,Alabama (SEC),VT,5000.0
Lily Bruce,Florida (SEC),VT,5000.0
Lily Pederson,Oklahoma (SEC),VT,5000.0
Makenzie Wilson,Kentucky (SEC),VT,5000.0
Mya Hooten,Minnesota (Big Ten),VT,5000.0
Mya Lauzon,California (ACC),VT,5000.0
Natalie Martin,Maryland (Big Ten),VT,5000.0
Olivia Zsarmani,Michigan State (Big Ten),VT,5000.0
Paige Zancan,Auburn (SEC),VT,5000.0
Reyna Guggino,Michigan (Big Ten),VT,5000.0
Riley Jenkins,UCLA (Big Ten),VT,5000.0
Rylee Guevara,Ohio State (Big Ten),VT,5000.0
Taylor Clark,Florida (SEC),VT,5000.0
Zoe Johnson,Utah (Big 12),VT,5000.0
eMjae Frazier,California (ACC),VT,5000.0
Abby Mueller,Missouri (SEC),VT,4000.0
Alex Irvine,Auburn (SEC),VT,4000.0
Alex Theodorou,Arizona State (Big 12),VT,4000.0
Amari Celestine,Missouri (SEC),VT,4000.0
Anapaula Gutierrez,Stanford (ACC),VT,4000.0
Anaya Smith,Georgia (SEC),VT,4000.0
Arielle Ward,Illinois (Big Ten),VT,4000.0
Ava Stewart,Minnesota (Big Ten),VT,4000.0
Bella Mabanta,Denver (Big 12),VT,4000.0
Cameron Smith,Ohio State (Big Ten),VT,4000.0
Cami Weaver,Arkansas (SEC),VT,4000.0
Camie Winger,Utah (Big 12),VT,4000.0
Casey Brown,California (ACC),VT,4000.0
Chase Brock,LSU (SEC),VT,4000.0
Chloe Cho,Illinois (Big Ten),VT,4000.0
Chloe LaCoursiere,Alabama (SEC),VT,4000.0
Ella Zirbes,Utah (Big 12),VT,4000.0
Elle Mueller,Oklahoma (SEC),VT,4000.0
Gabby Gladieux,Alabama (SEC),VT,4000.0
Gabrielle Stephen,Michigan State (Big Ten),VT,4000.0
Grace Anne Davis,Missouri (SEC),VT,4000.0
Grace Drexler,Arkansas (SEC),VT,4000.0
Guilianna Fiorillo,Oregon State (Pac-12),VT,4000.0
Hannah Horton,Missouri (SEC),VT,4000.0
Harlyn Tomlin,Georgia (SEC),VT,4000.0
JJ Coleman,Ohio State (Big Ten),VT,4000.0
Ja'Leigh Lang,Arkansas (SEC),VT,4000.0
JaFree Scott,Georgia (SEC),VT,4000.0
Jada Mangahas,Arizona State (Big 12),VT,4000.0
Jaedyn Rucker,Utah (Big 12),VT,4000.0
Jamison Sears,Alabama (SEC),VT,4000.0
Jayden Silvers,California (ACC),VT,4000.0
Jenna Mulligan,Michigan (Big Ten),VT,4000.0
Jessica Janicke,Arizona (Big 12),VT,4000.0
Jordan Valahovic,North Carolina (ACC),VT,4000.0
Joscelyn Roberson,Arkansas (SEC),VT,4000.0
Josephine Kogler,Maryland (Big Ten),VT,4000.0
Kaliya Lincoln,LSU (SEC),VT,4000.0
Karis German,Alabama (SEC),VT,4000.0
Kathryn Weilbacher,LSU (SEC),VT,4000.0
Kayla Pardue,Southern Utah (WAC),VT,4000.0
Kelsey Slade,Oklahoma (SEC),VT,4000.0
Kennedy Brown,Illinois (Big Ten),VT,4000.0
Kennedy Griffin,Missouri (SEC),VT,4000.0
Kyen Mayhew,California (ACC),VT,4000.0
Lana Navarro,Washington (Big Ten),VT,4000.0
Lily Smith,Georgia (SEC),VT,4000.0
MaKayla Tucker,Michigan State (Big Ten),VT,4000.0
Maddison Reidenbach,Denver (Big 12),VT,4000.0
Maggie Murphy,Maryland (Big Ten),VT,4000.0
Molly Arnold,Clemson (ACC),VT,4000.0
Morgan Price,Fisk (GCAC),VT,4000.0
Olivia Ahern,Auburn (SEC),VT,4000.0
Olivia Greaves,Auburn (SEC),VT,4000.0
Olivia Hollingsworth,Auburn (SEC),VT,4000.0
Payton Harris,Ohio State (Big Ten),VT,4000.0
Poppy-Grace Stickler,Utah (Big 12),VT,4000.0
Priscilla Park,Arkansas (SEC),VT,4000.0
Rayna Light,Missouri (SEC),VT,4000.0
Rebecca Wells,Clemson (ACC),VT,4000.0
Sara Hubbard,Auburn (SEC),VT,4000.0
Sarah Moraw,Minnesota (Big Ten),VT,4000.0
Skyla Schulte,Michigan State (Big Ten),VT,4000.0
Skylar Draser,Florida (SEC),VT,4000.0
Skylar Killough-Wilhelm,Kentucky (SEC),VT,4000.0
Sloane Blakely,Florida (SEC),VT,4000.0
Sophia Bell,Auburn (SEC),VT,4000.0
Sophia Diaz,Michigan (Big Ten),VT,4000.0
Sydney Gonzales,Oregon State (Pac-12),VT,4000.0
TaeLyn Canty,North Carolina (ACC),VT,4000.0
Tory Vetter,Ohio State (Big Ten),VT,4000.0
Trinity Brown,Clemson (ACC),VT,4000.0
Ady Wahl,Georgia (SEC),VT,3000.0
Ainsley Greever,Arizona (Big 12),VT,3000.0
Alexia Mouyenga,Washington (Big Ten),VT,3000.0
Alysen Fears,Arizona (Big 12),VT,3000.0
Amanda Hargraves,Denver (Big 12),VT,3000.0
Anya Pilgrim,Florida (SEC),VT,3000.0
Bella Salcedo,Penn State (Big Ten),VT,3000.0
Brooklyn Moors,UCLA (Big Ten),VT,3000.0
Carly Bauman,Michigan (Big Ten),VT,3000.0
Cecily Rizo,Kentucky (SEC),VT,3000.0
Claire Dean,Stanford (ACC),VT,3000.0
Csenge Bácskay,Georgia (SEC),VT,3000.0
Dakota Essenpries,Arkansas (SEC),VT,3000.0
Danie Ferris,Florida (SEC),VT,3000.0
Ellie Cacciola,Southern Utah (WAC),VT,3000.0
Emily Lee,UCLA (Big Ten),VT,3000.0
Emily White,Arizona State (Big 12),VT,3000.0
Emma Spence,Nebraska (Big Ten),VT,3000.0
Gabi Ortiz,Michigan State (Big Ten),VT,3000.0
Grace McCallum,Utah (Big 12),VT,3000.0
Halle Gregoire,Arizona State (Big 12),VT,3000.0
Jahzara Ranger,Michigan (Big Ten),VT,3000.0
Jaime Dugan,Stanford (ACC),VT,3000.0
Jaye Mack,Illinois State (MIC),VT,3000.0
Jaylene Gilstrap,Utah (Big 12),VT,3000.0
Jessica Johanson,Penn State (Big Ten),VT,3000.0
Jocelyn Moore,Missouri (SEC),VT,3000.0
Jordyn Paradise,Alabama (SEC),VT,3000.0
Kaitlin Garcia,Oregon State (Pac-12),VT,3000.0
Kaitlyn Grimes,Ohio State (Big Ten),VT,3000.0
Karlie Chavez,Oregon State (Pac-12),VT,3000.0
Katelyn Jong,Auburn (SEC),VT,3000.0
Kaylyn Mintz,Ohio State (Big Ten),VT,3000.0
Kristina Shchennikova,Boise State (Mountain West Conference),VT,3000.0
Lali Dekanoidze,North Carolina (ACC),VT,3000.0
Lauren Macpherson,Missouri (SEC),VT,3000.0
Lilly Tubbs,Washington (Big Ten),VT,3000.0
Love Birt,Alabama (SEC),VT,3000.0
Lucy Stanhope,Nebraska (Big Ten),VT,3000.0
Ly Bui,Florida (SEC),VT,3000.0
Macy McGowan,UCLA (Big Ten),VT,3000.0
Maddie Johnston,Penn State (Big Ten),VT,3000.0
Madelyn Williams,California (ACC),VT,3000.0
Marissa Jencks,Minnesota (Big Ten),VT,3000.0
McKenna Carnesi,Washington (Big Ten),VT,3000.0
Mila Brusch,Denver (Big 12),VT,3000.0
Mya Wiley,California (ACC),VT,3000.0
Natalie Thomas,George Washington (Atlantic 10 Conference),VT,3000.0
Naya Howard,Georgia (SEC),VT,3000.0
Niya Randolph,Southern Utah (WAC),VT,3000.0
Nyla Aquino,Georgia (SEC),VT,3000.0
Olivia Kelly,Missouri (SEC),VT,3000.0
Paige Anastasi,UCLA (Big Ten),VT,3000.0
Paityn Walker,Alabama (SEC),VT,3000.0
Railey Jackson,Missouri (SEC),VT,3000.0
Reese Baechle,Nebraska (Big Ten),VT,3000.0
Regan McBride,North Carolina (ACC),VT,3000.0
Sidney Washington,Ohio State (Big Ten),VT,3000.0
Sophia Groth,Auburn (SEC),VT,3000.0
Sophia Nguyen,Minnesota (Big Ten),VT,3000.0
Sydney Schumaker,Auburn (SEC),VT,3000.0
Syniya Thomas,NC State (ACC),VT,3000.0
Teryn Crump,Minnesota (Big Ten),VT,3000.0
Tirzah Wise,Arizona (Big 12),VT,3000.0
Victoria Nguyen,Florida (SEC),VT,3000.0
Abigail Bednar,Kentucky (SEC),VT,2000.0
Abigayle Martin,Arizona (Big 12),VT,2000.0
Addilyn Glazier,BYU (Big 12),VT,2000.0
Addison Fatta,Oklahoma (SEC),VT,2000.0
Addison Hewitt,Maryland (Big Ten),VT,2000.0
Adeline Kenlin,Iowa (Big Ten),VT,2000.0
Alana Walker,Stanford (ACC),VT,2000.0
Amani Herring,Penn State (Big Ten),VT,2000.0
Amelia Rock,Arizona (Big 12),VT,2000.0
Amelie Morgan,Utah (Big 12),VT,2000.0
Amy Doyle,Michigan State (Big Ten),VT,2000.0
Anna Hill,Auburn (SEC),VT,2000.0
Aubrey Krohnfeldt,Arizona (Big 12),VT,2000.0
Audrey Sanger,Michigan (Big Ten),VT,2000.0
Ava Jordan,Michigan (Big Ten),VT,2000.0
Ava Myers,NC State (ACC),VT,2000.0
Ayla Acevedo,Missouri (SEC),VT,2000.0
Bella Misiura,Penn State (Big Ten),VT,2000.0
Brenna Neault,Stanford (ACC),VT,2000.0
Brianna Taurek,California (ACC),VT,2000.0
Brinlee Christensen,Southern Utah (WAC),VT,2000.0
Brooke Dennis,Alabama (SEC),VT,2000.0
CJ Keuneke,California (ACC),VT,2000.0
Cady Duplissis,Michigan State (Big Ten),VT,2000.0
Caroline Volk,NC State (ACC),VT,2000.0
Chesney Bennett,Kentucky (SEC),VT,2000.0
Chloe Negrete,NC State (ACC),VT,2000.0
Corinne Bunagan,Alabama (SEC),VT,2000.0
Daisy Stephenson,BYU (Big 12),VT,2000.0
Danielle Latronica,Penn State (Big Ten),VT,2000.0
Deborah Silva,BYU (Big 12),VT,2000.0
Eden Webster,West Virginia (Big 12),VT,2000.0
Elizabeth Blessey,Oklahoma (SEC),VT,2000.0
Elizabeth Larusso,Arizona (Big 12),VT,2000.0
Elizabeth Leary,Penn State (Big Ten),VT,2000.0
Ella Cesario,California (ACC),VT,2000.0
Ellie Monahan,Penn State (Big Ten),VT,2000.0
Emily Innes,Washington (Big Ten),VT,2000.0
Emily Lopez,Boise State (Mountain West Conference),VT,2000.0
Emily Mueller,Arizona (Big 12),VT,2000.0
Emily Pires,Washington (Big Ten),VT,2000.0
Emma Strom,Arizona (Big 12),VT,2000.0
Emmalise Nock,Illinois (Big Ten),VT,2000.0
Faye Rodio,Alabama (SEC),VT,2000.0
Frankie Price,Arkansas (SEC),VT,2000.0
Haylee Hardin,Iowa State (Big 12),VT,2000.0
Jayda Lewter,Minnesota (Big Ten),VT,2000.0
Jaydah Battle,Georgia (SEC),VT,2000.0
Jenna Rusk,NC State (ACC),VT,2000.0
Julia Knower,North Carolina (ACC),VT,2000.0
Julianne Huff,Auburn (SEC),VT,2000.0
Kalea McElligott,Penn State (Big Ten),VT,2000.0
Karleigh DiCello,West Virginia (Big 12),VT,2000.0
Kasey Burke,George Washington (Atlantic 10 Conference),VT,2000.0
Kate Bryant,Clemson (ACC),VT,2000.0
Kimberly Smith,Arizona State (Big 12),VT,2000.0
Lauren Pearl,Minnesota (Big Ten),VT,2000.0
Lucie Kirchner,Michigan (Big Ten),VT,2000.0
Lundyn VanderToolen,Utah State (Mountain West Conference),VT,2000.0
Mackenzie Kelly,Southern Utah (WAC),VT,2000.0
Madison Minner,Clemson (ACC),VT,2000.0
Madison Ulrich,Denver (Big 12),VT,2000.0
Maggie Holman,Clemson (ACC),VT,2000.0
Maggie Slife,Air Force (Mountain West),VT,2000.0
Mallory Gregory,Ohio State (Big Ten),VT,2000.0
Mary McDonough,Washington (Big Ten),VT,2000.0
McCauley Harrington,Minnesota (Big Ten),VT,2000.0
Megan Steensland,Minnesota (Big Ten),VT,2000.0
Meika Lee,Pittsburgh (ACC),VT,2000.0
Mia Hampton,Southern Utah (WAC),VT,2000.0
Molly Peterson,Nebraska (Big Ten),VT,2000.0
Natalie Briones,Oregon State (Pac-12),VT,2000.0
Noelle Adams,Iowa State (Big 12),VT,2000.0
Paige Thaxton,Michigan (Big Ten),VT,2000.0
Peyton Davis,Michigan (Big Ten),VT,2000.0
Rayna Engelmayer,Maryland (Big Ten),VT,2000.0
Reagan Sams,Ohio State (Big Ten),VT,2000.0
Rhea Leblanc,Maryland (Big Ten),VT,2000.0
Ryan Fuller,Alabama (SEC),VT,2000.0
Ryan Noonan,Kentucky (SEC),VT,2000.0
Rylie Mundell,Denver (Big 12),VT,2000.0
Sage Melkonian,California (ACC),VT,2000.0
Sage Paladino,Southern Utah (WAC),VT,2000.0
Sage Thompson,Oregon State (Pac-12),VT,2000.0
Sarah Saville,Maryland (Big Ten),VT,2000.0
Sarah Zois,Auburn (SEC),VT,2000.0
Sasha Fujisaka,UCLA (Big Ten),VT,2000.0
Sophia Esposito,Oregon State (Pac-12),VT,2000.0
Sophia Kaloudis,Oregon State (Pac-12),VT,2000.0
Sophie Derr,Arizona (Big 12),VT,2000.0
Sydney Wilke,Illinois (Big Ten),VT,2000.0
Tara Walsh,Clemson (ACC),VT,2000.0
Taylor Gull,Southern Utah (WAC),VT,2000.0
Taylor Rech,Maryland (Big Ten),VT,2000.0
Trista Goodman,Southern Utah (WAC),VT,2000.0
Victoria Cluck,Stanford (ACC),VT,2000.0
Zoe Middleton,Ball State (MAC),VT,2000.0
Abbey Scanlon,California (ACC),VT,1000.0
Abbie Thompson,Denver (Big 12),VT,1000.0
Aberdeen O'Driscoll,Georgia (SEC),VT,1000.0
Addison Lawrence,Missouri (SEC),VT,1000.0
Addisyn Hurley Snow,Oklahoma (SEC),VT,1000.0
Alex Routsis,Southern Utah (WAC),VT,1000.0
Alexa Chuy,George Washington (Atlantic 10 Conference),VT,1000.0
Alexa Rothenbuescher,Maryland (Big Ten),VT,1000.0
Alexis Czarrunchick,Georgia (SEC),VT,1000.0
Alexis Jeffrey,LSU (SEC),VT,1000.0
Allison Kaempfer,Penn State (Big Ten),VT,1000.0
Alyona Shchennikova,LSU (SEC),VT,1000.0
Alyssa Arana,Florida (SEC),VT,1000.0
Alyssa Fernandez,Southern Utah (WAC),VT,1000.0
Alyssa Guns,Kent State (MAC),VT,1000.0
Alyssa Kramer,Penn State (Big Ten),VT,1000.0
Alyssa Orgen,Kentucky (SEC),VT,1000.0
Amelia Rieder,Southern Utah (WAC),VT,1000.0
Amy Fukami,Michigan (Big Ten),VT,1000.0
Amy Wier,Missouri (SEC),VT,1000.0
Ana Padurariu,Utah (Big 12),VT,1000.0
Anahit Assadourian,Minnesota (Big Ten),VT,1000.0
Anna Leigh,West Virginia (Big 12),VT,1000.0
Annalise Newman-Achee,California (ACC),VT,1000.0
Annie Beard,LSU (SEC),VT,1000.0
Anya Turner,Georgia (SEC),VT,1000.0
Ashley Carter,Stanford (ACC),VT,1000.0
Ashley Cowan,LSU (SEC),VT,1000.0
Ashley Gallen,Denver (Big 12),VT,1000.0
Ashley Maul,Penn State (Big Ten),VT,1000.0
Ashley Szymanski,Ball State (MAC),VT,1000.0
Ashlyn Doyle,Illinois (Big Ten),VT,1000.0
Ashton Meuret,Ohio State (Big Ten),VT,1000.0
Aspen Lenczner,Oklahoma (SEC),VT,1000.0
Asta Farrell,Michigan State (Big Ten),VT,1000.0
Aurélie Tran,Iowa (Big Ten),VT,1000.0
Ava Mabanta,Denver (Big 12),VT,1000.0
Ava Sorrento,Stanford (ACC),VT,1000.0
Bella Ferraccio,Maryland (Big Ten),VT,1000.0
Bella O'Bryant,NC State (ACC),VT,1000.0
Bridget Kemp,Boise State (Mountain West Conference),VT,1000.0
Brie Clark,Clemson (ACC),VT,1000.0
Brinley Kitchen,Southern Utah (WAC),VT,1000.0
Bronwyn Hoffman,UCLA (Big Ten),VT,1000.0
Brooke Gleichowski,Georgia (SEC),VT,1000.0
Brooklyn Rowray,Minnesota (Big Ten),VT,1000.0
Bryce Wilson,LSU (SEC),VT,1000.0
Bryn Bartman,Auburn (SEC),VT,1000.0
Brynlee Andersen,BYU (Big 12),VT,1000.0
Cadence Goldberg,Kentucky (SEC),VT,1000.0
Cadence Gormley,Kentucky (SEC),VT,1000.0
Caitlin McWilliams,Washington (Big Ten),VT,1000.0
Caitlin Smith,Oklahoma (SEC),VT,1000.0
Cally Swaney,Arkansas (SEC),VT,1000.0
Cameron Machado,Alabama (SEC),VT,1000.0
Caralia Martinez,Southern Utah (WAC),VT,1000.0
Carissa Clay,UCLA (Big Ten),VT,1000.0
Carley Beeman,Oregon State (Pac-12),VT,1000.0
Carly Busch,Kentucky (SEC),VT,1000.0
Caroline Leonard,Auburn (SEC),VT,1000.0
Caroline Lichtman,Arizona State (Big 12),VT,1000.0
Cassi Barbanente,Penn State (Big Ten),VT,1000.0
Cassie Lee,Iowa (Big Ten),VT,1000.0
Cecilia Cooley,Denver (Big 12),VT,1000.0
Chandler Buntin,Arkansas (SEC),VT,1000.0
Chavala Shepard,Arizona State (Big 12),VT,1000.0
Chelsea Hallinan,Washington (Big Ten),VT,1000.0
Chiara Andrew,BYU (Big 12),VT,1000.0
Chloe Seaga,Arizona State (Big 12),VT,1000.0
Ciena Alipio,UCLA (Big Ten),VT,1000.0
Claire Stippich,North Carolina (ACC),VT,1000.0
Clara Raposo,Utah (Big 12),VT,1000.0
Clara Wren,UCLA (Big Ten),VT,1000.0
Courtney McCann,Ohio State (Big Ten),VT,1000.0
Courtney Woods,Missouri (SEC),VT,1000.0
Creslyn Brose,Kentucky (SEC),VT,1000.0
Danae Fletcher,Oklahoma (SEC),VT,1000.0
Danielle Sievers,Oklahoma (SEC),VT,1000.0
Danika Nielsen,Clemson (ACC),VT,1000.0
Deiah Moody,Washington (Big Ten),VT,1000.0
Delaney Adrian,Rutgers (Big Ten),VT,1000.0
Delaney Reeves,Boise State (Mountain West Conference),VT,1000.0
Delanie Harkness,Michigan State (Big Ten),VT,1000.0
Delaynee Rodriguez,Kentucky (SEC),VT,1000.0
Eden King,Illinois (Big Ten),VT,1000.0
Elena Deets,Arizona (Big 12),VT,1000.0
Elina Vihrova,Penn State (Big Ten),VT,1000.0
Elizabeth Gantner,Utah (Big 12),VT,1000.0
Ella Tashjian,Yale (Ivy),VT,1000.0
Elle Beaufait,Michigan State (Big Ten),VT,1000.0
Ellie Lazzari,Florida (SEC),VT,1000.0
Ellie Thomson,Southern Utah (WAC),VT,1000.0
Ellie Weaver,Oregon State (Pac-12),VT,1000.0
Elliot Bringhurst,Southern Utah (WAC),VT,1000.0
Emerson Smith,West Virginia (Big 12),VT,1000.0
Emily Countryman,Southern Utah (WAC),VT,1000.0
Emily Koch,Minnesota (Big Ten),VT,1000.0
Emily Plone,Southern Utah (WAC),VT,1000.0
Emma Grace Boyd,Auburn (SEC),VT,1000.0
Emma Malabuyo,UCLA (Big Ten),VT,1000.0
Emma Mason,Georgia (SEC),VT,1000.0
Emma Misenheimer,Michigan State (Big Ten),VT,1000.0
Emma Nipper,Southern Utah (WAC),VT,1000.0
Emma Schrady,Washington (Big Ten),VT,1000.0
Eryn Williams,Georgia (SEC),VT,1000.0
Eve Jackson,Clemson (ACC),VT,1000.0
Farah Lipetz,Michigan (Big Ten),VT,1000.0
Francesca Caso,Oregon State (Pac-12),VT,1000.0
Frida Esparza,UCLA (Big Ten),VT,1000.0
Gabbie Gallentine,Penn State (Big Ten),VT,1000.0
Gabby Disidore,Florida (SEC),VT,1000.0
Gabby Ladanyi,Alabama (SEC),VT,1000.0
Gabby McLaughlin,Auburn (SEC),VT,1000.0
Genevieve Lebster,Michigan State (Big Ten),VT,1000.0
Giana Kalefe,Michigan State (Big Ten),VT,1000.0
Gianna Lenczner,Arizona (Big 12),VT,1000.0
Gianna Ruffing,Maryland (Big Ten),VT,1000.0
Grace Lacrosse,Clemson (ACC),VT,1000.0
Grace Walker,Ohio State (Big Ten),VT,1000.0
Gracie Long,BYU (Big 12),VT,1000.0
Hailey Davis,Kentucky (SEC),VT,1000.0
Hailey Merchant,Maryland (Big Ten),VT,1000.0
Haleigh Gibble,Penn State (Big Ten),VT,1000.0
Halle Braaflat,Georgia (SEC),VT,1000.0
Hallie Copperwheat,Pitt (ACC),VT,1000.0
Hannah Clark,Clemson (ACC),VT,1000.0
Hannah Hagle,Auburn (SEC),VT,1000.0
Haylen Zabrowski,Michigan (Big Ten),VT,1000.0
Heather Parker,Georgia (SEC),VT,1000.0
Helen Hu,Missouri (SEC),VT,1000.0
Holly Snyder,Georgia (SEC),VT,1000.0
Ilka Juk,Iowa (Big Ten),VT,1000.0
Isabella Kowan,Arizona State (Big 12),VT,1000.0
Isabella Minervini,Towson (CAA),VT,1000.0
Isabella Neff,Southern Utah (WAC),VT,1000.0
Isabella Rivelli,Kentucky (SEC),VT,1000.0
Isabella Trostel,Michigan State (Big Ten),VT,1000.0
Jacey Vore,Michigan (Big Ten),VT,1000.0
Jaime Pratt,Pittsburgh (ACC),VT,1000.0
Jenna Blair,Arizona State (Big 12),VT,1000.0
Jenna Olshefski,Minnesota (Big Ten),VT,1000.0
Jenna Timmons,Arizona State (Big 12),VT,1000.0
Jennifer McMillan,Oregon State (Pac-12),VT,1000.0
Jersie Woolsey,Auburn (SEC),VT,1000.0
Jessa Conedera,Missouri (SEC),VT,1000.0
Jessica Naranjo,North Carolina (ACC),VT,1000.0
Jessica Reith,Washington (Big Ten),VT,1000.0
Jillian Silvers,Arizona (Big 12),VT,1000.0
Jojo Warga,Ohio State (Big Ten),VT,1000.0
Jordan Kane,California (ACC),VT,1000.0
Jordyn Ewing,Pittsburgh (ACC),VT,1000.0
Jordyn Lyden,Minnesota (Big Ten),VT,1000.0
Julianna Weeks,Arkansas (SEC),VT,1000.0
Kaelyn Skeel,West Virginia (Big 12),VT,1000.0
Kaetlyn Tenesch,BYU (Big 12),VT,1000.0
Kaia Tanskanen,Missouri (SEC),VT,1000.0
Kaila Lawrence,Kentucky (SEC),VT,1000.0
Kailee Adomaites,NC State (ACC),VT,1000.0
Kaitlyn Ewald,Arkansas (SEC),VT,1000.0
Kalyxta Gamiao,Arkansas (SEC),VT,1000.0
Kara Eaker,Georgia (SEC),VT,1000.0
Karleigh Reutzel,Ohio State (Big Ten),VT,1000.0
Kate Parks,Ohio State (Big Ten),VT,1000.0
Katie Harper,NC State (ACC),VT,1000.0
Katie Sawyer,Michigan State (Big Ten),VT,1000.0
Kayla Lee,Arizona State (Big 12),VT,1000.0
Kaylee Bluffstone,Florida (SEC),VT,1000.0
Kayli Boozer,Michigan (Big Ten),VT,1000.0
Keeley Smith,Rutgers (Big Ten),VT,1000.0
Kelsey Lee,Georgia (SEC),VT,1000.0
Kendall Abney,Michigan State (Big Ten),VT,1000.0
Kendall Landry,Minnesota (Big Ten),VT,1000.0
Kendall McGuire,Southern Utah (WAC),VT,1000.0
Kendall Whitman,George Washington (Atlantic 10 Conference),VT,1000.0
Kendra Chang,Stanford (ACC),VT,1000.0
Kerrington Baham,Ohio State (Big Ten),VT,1000.0
Kielyn McCright,Clemson (ACC),VT,1000.0
Kiley Rorich,Denver (Big 12),VT,1000.0
Kira Bolden,Washington (Big Ten),VT,1000.0
Konnor McClain,LSU (SEC),VT,1000.0
Kristin Lin,Washington (Big Ten),VT,1000.0
Kyla Petrocci,NC State (ACC),VT,1000.0
Kylie Coen,LSU (SEC),VT,1000.0
Kylie Minard,Missouri (SEC),VT,1000.0
Lauren Brendlinger,Maryland (Big Ten),VT,1000.0
Lauren Hollifield,Nebraska (Big Ten),VT,1000.0
Lauren Hsu,Michigan State (Big Ten),VT,1000.0
Lauren Letzsch,Oregon State (Pac-12),VT,1000.0
Lauren Thomas,Iowa State (Big 12),VT,1000.0
Layla Hammer,Maryland (Big Ten),VT,1000.0
Leah Gonsiorowski,Minnesota (Big Ten),VT,1000.0
Leah Miller,LSU (SEC),VT,1000.0
Levi Jung-Ruivivar,Stanford (ACC),VT,1000.0
Lexi Zeiss,LSU (SEC),VT,1000.0
Lilia Purler,Arizona State (Big 12),VT,1000.0
Lilly Lippeatt,Clemson (ACC),VT,1000.0
Lilly Timmerman,Minnesota (Big Ten),VT,1000.0
Lily Kurrack,Clemson (ACC),VT,1000.0
Lindsay Bacheler,Maryland (Big Ten),VT,1000.0
Lisa Szeibert,Missouri (SEC),VT,1000.0
Logan Buckmon,Maryland (Big Ten),VT,1000.0
Lola Montevago,George Washington (Atlantic 10 Conference),VT,1000.0
Lori Brubach,Florida (SEC),VT,1000.0
Macy Jennings,NC State (ACC),VT,1000.0
Maddie Jones,Arkansas (SEC),VT,1000.0
Maddie Komorosk,Maryland (Big Ten),VT,1000.0
Maisyn Rader,Ohio State (Big Ten),VT,1000.0
Makayla Green,Illinois (Big Ten),VT,1000.0
Mara Titarsolej,Missouri (SEC),VT,1000.0
Maria Ferguson,Southern Utah (WAC),VT,1000.0
Marisa Fisher,Minnesota (Big Ten),VT,1000.0
Marissa Neal,Auburn (SEC),VT,1000.0
Marly Esteves,Illinois (Big Ten),VT,1000.0
Mary Green,Ohio State (Big Ten),VT,1000.0
Mati Waligora,Arkansas (SEC),VT,1000.0
McClaine Daigle,Arizona State (Big 12),VT,1000.0
Megan Sapp,Illinois (Big Ten),VT,1000.0
Mia Erdoes,UCLA (Big Ten),VT,1000.0
Mia Heather,Oregon State (Pac-12),VT,1000.0
Mia Hebinck,Denver (Big 12),VT,1000.0
Mika Webster-Longin,UCLA (Big Ten),VT,1000.0
Miki Aderinto,California (ACC),VT,1000.0
Momoko Iwai,Denver (Big 12),VT,1000.0
Morgan Walsh,Minnesota (Big Ten),VT,1000.0
Mya Gordon,Illinois (Big Ten),VT,1000.0
Mya North,Southern Utah (WAC),VT,1000.0
Natalia Pawlak,Alabama (SEC),VT,1000.0
Nicole King,Georgia (SEC),VT,1000.0
Nicollette Crochet,Maryland (Big Ten),VT,1000.0
Nina Laurito,Arizona State (Big 12),VT,1000.0
Noelle Ball,Boise State (Mountain West Conference),VT,1000.0
Nya Kraus,Nebraska (Big Ten),VT,1000.0
Olivia Buckner,Oregon State (Pac-12),VT,1000.0
Olivia Childs,Arizona (Big 12),VT,1000.0
Olivia Dunne,LSU (SEC),VT,1000.0
Olivia Kennedy,Utah (Big 12),VT,1000.0
Olivia Oppegard,Washington (Big Ten),VT,1000.0
Olivia VanHorn,University of Pennsylvania (Ivy League),VT,1000.0
Olivia Yarussi,Penn State (Big Ten),VT,1000.0
Ondine Achampong,California (ACC),VT,1000.0
Porsche Trinidad,Stanford (ACC),VT,1000.0
Quinn Kuhl,Clemson (ACC),VT,1000.0
Rachel Rybicki,Alabama (SEC),VT,1000.0
Reese Baker,Nebraska (Big Ten),VT,1000.0
Reese Drotar,Arkansas (SEC),VT,1000.0
Reese Wilson,Iowa (Big Ten),VT,1000.0
Reina Marchal,Oregon State (Pac-12),VT,1000.0
Riley Maness,West Virginia (Big 12),VT,1000.0
Riley McCusker,Florida (SEC),VT,1000.0
Rosie Casali,Denver (Big 12),VT,1000.0
Rylee Miller,Southern Utah (WAC),VT,1000.0
Sadie Jane Berry,Georgia (SEC),VT,1000.0
Sadie Smith,Arkansas (SEC),VT,1000.0
Samantha Schneider,Minnesota (Big Ten),VT,1000.0
Samara Buchanan,Ohio State (Big Ten),VT,1000.0
Sarah Clark,Arizona State (Big 12),VT,1000.0
Sarah Krump,Utah (Big 12),VT,1000.0
Savannah Miller,Oregon State (Pac-12),VT,1000.0
Seria Johnson,Minnesota (Big Ten),VT,1000.0
Shani Sirota,Maryland (Big Ten),VT,1000.0
Shania Adams,Alabama (SEC),VT,1000.0
Sharon Lee,Kentucky (SEC),VT,1000.0
Sidney Fitzgerald,Georgia (SEC),VT,1000.0
Sienna Robinson,Stanford (ACC),VT,1000.0
Sierra Ballard,LSU (SEC),VT,1000.0
Sierra Church,Clemson (ACC),VT,1000.0
Sierra Kondo,Maryland (Big Ten),VT,1000.0
Skye Blakely,Florida (SEC),VT,1000.0
Sophia Greaves,Auburn (SEC),VT,1000.0
Sophia Maisel,Arizona (Big 12),VT,1000.0
Sophia McClelland,Nebraska (Big Ten),VT,1000.0
Sophia Rice,West Virginia (Big 12),VT,1000.0
Sophia Stephens,Arizona (Big 12),VT,1000.0
Sophie Hampp,Denver (Big 12),VT,1000.0
Sophie Parenti,Michigan (Big Ten),VT,1000.0
Sophie Swartzmiller,Minnesota (Big Ten),VT,1000.0
Stephanie Lebster,Michigan State (Big Ten),VT,1000.0
Sydney Barros,UCLA (Big Ten),VT,1000.0
Sydney Turner,Iowa (Big Ten),VT,1000.0
Taeva Greenberg,BYU (Big 12),VT,1000.0
Takoda Berry,Clemson (ACC),VT,1000.0
Taralyn Nguyen,Stanford (ACC),VT,1000.0
Tasha Brozowski,Maryland (Big Ten),VT,1000.0
Taylor DeVries,Oregon State (Pac-12),VT,1000.0
Taylor Russon,Washington (Big Ten),VT,1000.0
Taylor Tuohy,West Virginia (Big 12),VT,1000.0
Teagan White,Arizona (Big 12),VT,1000.0
Temple Landry,Stanford (ACC),VT,1000.0
Thu Nguyen,Washington (Big Ten),VT,1000.0
Tiara Platkin,Arizona State (Big 12),VT,1000.0
Tori Tatum,LSU (SEC),VT,1000.0
Trinity Webb,Clemson (ACC),VT,1000.0
Ui Soma,Stanford (ACC),VT,1000.0
Victoria Gatzendorfer,Maryland (Big Ten),VT,1000.0
Victoria Roberts,LSU (SEC),VT,1000.0
Zoe Miller,LSU (SEC),VT,1000.0
Zoe Safran,George Washington (Atlantic 10 Conference),VT,1000.0
Zora Morgan,Georgia (SEC),VT,1000.0
Addison Fatta,Oklahoma (SEC),UB,6250.0
Amari Celestine,Missouri (SEC),UB,6250.0
Amelie Morgan,Utah (Big 12),UB,6250.0
Anya Pilgrim,Florida (SEC),UB,6250.0
Audrey Davis,Oklahoma (SEC),UB,6250.0
Cameron Machado,Alabama (SEC),UB,6250.0
Carly Bauman,Michigan (Big Ten),UB,6250.0
Danae Fletcher,Oklahoma (SEC),UB,6250.0
Emma Spence,Nebraska (Big Ten),UB,6250.0
Faith Torrez,Oklahoma (SEC),UB,6250.0
Frida Esparza,UCLA (Big Ten),UB,6250.0
Grace McCallum,Utah (Big 12),UB,6250.0
Haleigh Bryant,LSU (SEC),UB,6250.0
Jade Carey,Oregon State (Pac-12),UB,6250.0
Jerquavia Henderson,Iowa (Big Ten),UB,6250.0
Jordan Bowers,Oklahoma (SEC),UB,6250.0
Kailin Chio,LSU (SEC),UB,6250.0
Katelyn Jong,Auburn (SEC),UB,6250.0
Kayla DiCello,Florida (SEC),UB,6250.0
Konnor McClain,LSU (SEC),UB,6250.0
Lali Dekanoidze,North Carolina (ACC),UB,6250.0
Leah Smith,Arkansas (SEC),UB,6250.0
Leanne Wong,Florida (SEC),UB,6250.0
Lily Pederson,Oklahoma (SEC),UB,6250.0
Lily Smith,Georgia (SEC),UB,6250.0
Mara Titarsolej,Missouri (SEC),UB,6250.0
Mya Lauzon,California (ACC),UB,6250.0
Sage Kellerman,Michigan State (Big Ten),UB,6250.0
Adeline Kenlin,Iowa (Big Ten),UB,5000.0
Ady Wahl,Georgia (SEC),UB,5000.0
Alysen Fears,Arizona (Big 12),UB,5000.0
Anna Roberts,Stanford (ACC),UB,5000.0
Ashley Cowan,LSU (SEC),UB,5000.0
Camie Winger,Utah (Big 12),UB,5000.0
Danielle Sievers,Oklahoma (SEC),UB,5000.0
Emily Lopez,Boise State (Mountain West Conference),UB,5000.0
Emma Mason,Georgia (SEC),UB,5000.0
Gabby Disidore,Florida (SEC),UB,5000.0
Isabella Minervini,Towson (CAA),UB,5000.0
Jada Mangahas,Arizona State (Big 12),UB,5000.0
Jillian Procasky,Kentucky (SEC),UB,5000.0
Jordan Chiles,UCLA (Big Ten),UB,5000.0
Jordyn Lyden,Minnesota (Big Ten),UB,5000.0
Katelyn Rosen,UCLA (Big Ten),UB,5000.0
Katie Harper,NC State (ACC),UB,5000.0
Lilly Tubbs,Washington (Big Ten),UB,5000.0
Madelyn Williams,California (ACC),UB,5000.0
Molly Peterson,Nebraska (Big Ten),UB,5000.0
Nikki Smith,Michigan State (Big Ten),UB,5000.0
Payton Harris,Ohio State (Big Ten),UB,5000.0
Reese Drotar,Arkansas (SEC),UB,5000.0
Rylie Mundell,Denver (Big 12),UB,5000.0
Sasha Fujisaka,UCLA (Big Ten),UB,5000.0
Selena Harris-Miranda,Florida (SEC),UB,5000.0
Shania Adams,Alabama (SEC),UB,5000.0
Tirzah Wise,Arizona (Big 12),UB,5000.0
Tori Tatum,LSU (SEC),UB,5000.0
eMjae Frazier,California (ACC),UB,5000.0
Abby Mueller,Missouri (SEC),UB,4000.0
Aleah Finnegan,LSU (SEC),UB,4000.0
Alex Irvine,Auburn (SEC),UB,4000.0
Alexis Jeffrey,LSU (SEC),UB,4000.0
Alyssa Orgen,Kentucky (SEC),UB,4000.0
Amy Doyle,Michigan State (Big Ten),UB,4000.0
Anapaula Gutierrez,Stanford (ACC),UB,4000.0
Ashley Glynn,Utah (Big 12),UB,4000.0
Ashley Szymanski,Ball State (MAC),UB,4000.0
Ava Piedrahita,Penn State (Big Ten),UB,4000.0
Avery Neff,Utah (Big 12),UB,4000.0
Cecilia Cooley,Denver (Big 12),UB,4000.0
Cecily Rizo,Kentucky (SEC),UB,4000.0
Chloe Cho,Illinois (Big Ten),UB,4000.0
Chloe LaCoursiere,Alabama (SEC),UB,4000.0
Claire Stippich,North Carolina (ACC),UB,4000.0
Csenge Bácskay,Georgia (SEC),UB,4000.0
Deiah Moody,Washington (Big Ten),UB,4000.0
Delanie Harkness,Michigan State (Big Ten),UB,4000.0
Delaynee Rodriguez,Kentucky (SEC),UB,4000.0
Elena Deets,Arizona (Big 12),UB,4000.0
Ella Cesario,California (ACC),UB,4000.0
Ella Zirbes,Utah (Big 12),UB,4000.0
Elle Mueller,Oklahoma (SEC),UB,4000.0
Ellie Lazzari,Florida (SEC),UB,4000.0
Ellie Monahan,Penn State (Big Ten),UB,4000.0
Emily White,Arizona State (Big 12),UB,4000.0
Gabbie Gallentine,Penn State (Big Ten),UB,4000.0
Gabby McLaughlin,Auburn (SEC),UB,4000.0
Hannah Horton,Missouri (SEC),UB,4000.0
Harlyn Tomlin,Georgia (SEC),UB,4000.0
Jacey Vore,Michigan (Big Ten),UB,4000.0
Jenna Rusk,NC State (ACC),UB,4000.0
Jordyn Ewing,Pittsburgh (ACC),UB,4000.0
Kiley Rorich,Denver (Big 12),UB,4000.0
Kylee Kvamme,Alabama (SEC),UB,4000.0
Kyra Burns,Missouri (SEC),UB,4000.0
Lexi Zeiss,LSU (SEC),UB,4000.0
Lilly Hudson,Alabama (SEC),UB,4000.0
Lily Bruce,Florida (SEC),UB,4000.0
Lola Montevago,George Washington (Atlantic 10 Conference),UB,4000.0
Macy McGowan,UCLA (Big Ten),UB,4000.0
Maddie Jones,Arkansas (SEC),UB,4000.0
Madison Ulrich,Denver (Big 12),UB,4000.0
Maggie Slife,Air Force (Mountain West),UB,4000.0
Makayla Green,Illinois (Big Ten),UB,4000.0
Makenna Smith,Utah (Big 12),UB,4000.0
Mati Waligora,Arkansas (SEC),UB,4000.0
Momoko Iwai,Denver (Big 12),UB,4000.0
Mya Hooten,Minnesota (Big Ten),UB,4000.0
Natalia Pawlak,Alabama (SEC),UB,4000.0
Olivia Dunne,LSU (SEC),UB,4000.0
Olivia Kelly,Missouri (SEC),UB,4000.0
Rayna Light,Missouri (SEC),UB,4000.0
Ryan Fuller,Alabama (SEC),UB,4000.0
Sage Thompson,Oregon State (Pac-12),UB,4000.0
Sarah Clark,Arizona State (Big 12),UB,4000.0
Seria Johnson,Minnesota (Big Ten),UB,4000.0
Sienna Robinson,Stanford (ACC),UB,4000.0
Skylar Draser,Florida (SEC),UB,4000.0
Skylar Killough-Wilhelm,Kentucky (SEC),UB,4000.0
Sophia Diaz,Michigan (Big Ten),UB,4000.0
Taylor Russon,Washington (Big Ten),UB,4000.0
Tory Vetter,Ohio State (Big Ten),UB,4000.0
Trinity Webb,Clemson (ACC),UB,4000.0
Abigayle Martin,Arizona (Big 12),UB,3000.0
Allison Kaempfer,Penn State (Big Ten),UB,3000.0
Ana Padurariu,Utah (Big 12),UB,3000.0
Asta Farrell,Michigan State (Big Ten),UB,3000.0
Ava Jordan,Michigan (Big Ten),UB,3000.0
Ava Myers,NC State (ACC),UB,3000.0
Ava Sorrento,Stanford (ACC),UB,3000.0
Ava Stewart,Minnesota (Big Ten),UB,3000.0
Brenna Neault,Stanford (ACC),UB,3000.0
Cadence Gormley,Kentucky (SEC),UB,3000.0
Carley Beeman,Oregon State (Pac-12),UB,3000.0
Chae Campbell,UCLA (Big Ten),UB,3000.0
Chesney Bennett,Kentucky (SEC),UB,3000.0
Courtney McCann,Ohio State (Big Ten),UB,3000.0
Deborah Silva,BYU (Big 12),UB,3000.0
Delaney Adrian,Rutgers (Big Ten),UB,3000.0
Gabby Gladieux,Alabama (SEC),UB,3000.0
Gabrielle Stephen,Michigan State (Big Ten),UB,3000.0
Haylen Zabrowski,Michigan (Big Ten),UB,3000.0
Helen Hu,Missouri (SEC),UB,3000.0
Holly Snyder,Georgia (SEC),UB,3000.0
Isabella Neff,Southern Utah (WAC),UB,3000.0
JaFree Scott,Georgia (SEC),UB,3000.0
Jaime Dugan,Stanford (ACC),UB,3000.0
Jennifer McMillan,Oregon State (Pac-12),UB,3000.0
Jessica Reith,Washington (Big Ten),UB,3000.0
Jocelyn Moore,Missouri (SEC),UB,3000.0
Kaitlyn Ewald,Arkansas (SEC),UB,3000.0
Kalea McElligott,Penn State (Big Ten),UB,3000.0
Kaylyn Mintz,Ohio State (Big Ten),UB,3000.0
Kendra Chang,Stanford (ACC),UB,3000.0
Kimberly Smith,Arizona State (Big 12),UB,3000.0
Kristina Shchennikova,Boise State (Mountain West Conference),UB,3000.0
Lundyn VanderToolen,Utah State (Mountain West Conference),UB,3000.0
Ly Bui,Florida (SEC),UB,3000.0
Maddie Johnston,Penn State (Big Ten),UB,3000.0
Mary McDonough,Washington (Big Ten),UB,3000.0
McCauley Harrington,Minnesota (Big Ten),UB,3000.0
Mia Hebinck,Denver (Big 12),UB,3000.0
Mika Webster-Longin,UCLA (Big Ten),UB,3000.0
Morgan Price,Fisk (GCAC),UB,3000.0
Natalie Briones,Oregon State (Pac-12),UB,3000.0
Naya Howard,Georgia (SEC),UB,3000.0
Nina Laurito,Arizona State (Big 12),UB,3000.0
Niya Randolph,Southern Utah (WAC),UB,3000.0
Nya Kraus,Nebraska (Big Ten),UB,3000.0
Olivia Greaves,Auburn (SEC),UB,3000.0
Olivia Hollingsworth,Auburn (SEC),UB,3000.0
Olivia Zsarmani,Michigan State (Big Ten),UB,3000.0
Priscilla Park,Arkansas (SEC),UB,3000.0
Riley McCusker,Florida (SEC),UB,3000.0
Sadie Smith,Arkansas (SEC),UB,3000.0
Sidney Fitzgerald,Georgia (SEC),UB,3000.0
Skyla Schulte,Michigan State (Big Ten),UB,3000.0
Sloane Blakely,Florida (SEC),UB,3000.0
Sophia Groth,Auburn (SEC),UB,3000.0
Sophie Parenti,Michigan (Big Ten),UB,3000.0
Tasha Brozowski,Maryland (Big Ten),UB,3000.0
Teryn Crump,Minnesota (Big Ten),UB,3000.0
Trinity Brown,Clemson (ACC),UB,3000.0
Trista Goodman,Southern Utah (WAC),UB,3000.0
Abigail Bednar,Kentucky (SEC),UB,2000.0
Addilyn Glazier,BYU (Big 12),UB,2000.0
Amy Fukami,Michigan (Big Ten),UB,2000.0
Anna Flynn Cashion,Kentucky (SEC),UB,2000.0
Arielle Ward,Illinois (Big Ten),UB,2000.0
Aubrey Krohnfeldt,Arizona (Big 12),UB,2000.0
Audrey Sanger,Michigan (Big Ten),UB,2000.0
Bella O'Bryant,NC State (ACC),UB,2000.0
Brinlee Christensen,Southern Utah (WAC),UB,2000.0
CJ Keuneke,California (ACC),UB,2000.0
Cadence Goldberg,Kentucky (SEC),UB,2000.0
Caroline Volk,NC State (ACC),UB,2000.0
Casey Brown,California (ACC),UB,2000.0
Cassi Barbanente,Penn State (Big Ten),UB,2000.0
Danielle Latronica,Penn State (Big Ten),UB,2000.0
Danika Nielsen,Clemson (ACC),UB,2000.0
Elizabeth Leary,Penn State (Big Ten),UB,2000.0
Emily Lee,UCLA (Big Ten),UB,2000.0
Emily Mueller,Arizona (Big 12),UB,2000.0
Emma Grace Boyd,Auburn (SEC),UB,2000.0
Eve Jackson,Clemson (ACC),UB,2000.0
Grace Drexler,Arkansas (SEC),UB,2000.0
Hailey Davis,Kentucky (SEC),UB,2000.0
JJ Coleman,Ohio State (Big Ten),UB,2000.0
Jahzara Ranger,Michigan (Big Ten),UB,2000.0
Joscelyn Roberson,Arkansas (SEC),UB,2000.0
Julianna Weeks,Arkansas (SEC),UB,2000.0
Karina Munoz,Iowa (Big Ten),UB,2000.0
Kathryn Weilbacher,LSU (SEC),UB,2000.0
Keeley Smith,Rutgers (Big Ten),UB,2000.0
Kelsey Slade,Oklahoma (SEC),UB,2000.0
Lilly Lippeatt,Clemson (ACC),UB,2000.0
Lisa Szeibert,Missouri (SEC),UB,2000.0
Lucie Kirchner,Michigan (Big Ten),UB,2000.0
Meika Lee,Pittsburgh (ACC),UB,2000.0
Mia Hampton,Southern Utah (WAC),UB,2000.0
Mya Gordon,Illinois (Big Ten),UB,2000.0
Mya Wiley,California (ACC),UB,2000.0
Olivia Ahern,Auburn (SEC),UB,2000.0
Poppy-Grace Stickler,Utah (Big 12),UB,2000.0
Railey Jackson,Missouri (SEC),UB,2000.0
Rhea Leblanc,Maryland (Big Ten),UB,2000.0
Riley Maness,West Virginia (Big 12),UB,2000.0
Rosie Casali,Denver (Big 12),UB,2000.0
Ryan Noonan,Kentucky (SEC),UB,2000.0
Rylee Guevara,Ohio State (Big Ten),UB,2000.0
Sadie Jane Berry,Georgia (SEC),UB,2000.0
Sarah Saville,Maryland (Big Ten),UB,2000.0
Sophia Bell,Auburn (SEC),UB,2000.0
Sophia Esposito,Oregon State (Pac-12),UB,2000.0
Sophia Kaloudis,Oregon State (Pac-12),UB,2000.0
Sophia McClelland,Nebraska (Big Ten),UB,2000.0
Sophie Derr,Arizona (Big 12),UB,2000.0
TaeLyn Canty,North Carolina (ACC),UB,2000.0
Taeva Greenberg,BYU (Big 12),UB,2000.0
Takoda Berry,Clemson (ACC),UB,2000.0
Victoria Nguyen,Florida (SEC),UB,2000.0
Zoe Johnson,Utah (Big 12),UB,2000.0
Abbey Scanlon,California (ACC),UB,1000.0
Abbie Thompson,Denver (Big 12),UB,1000.0
Aberdeen O'Driscoll,Georgia (SEC),UB,1000.0
Addison Hewitt,Maryland (Big Ten),UB,1000.0
Addison Lawrence,Missouri (SEC),UB,1000.0
Addisyn Hurley Snow,Oklahoma (SEC),UB,1000.0
Ainsley Greever,Arizona (Big 12),UB,1000.0
Alana Walker,Stanford (ACC),UB,1000.0
Alex Routsis,Southern Utah (WAC),UB,1000.0
Alex Theodorou,Arizona State (Big 12),UB,1000.0
Alexa Chuy,George Washington (Atlantic 10 Conference),UB,1000.0
Alexa Rothenbuescher,Maryland (Big Ten),UB,1000.0
Alexia Mouyenga,Washington (Big Ten),UB,1000.0
Alexis Czarrunchick,Georgia (SEC),UB,1000.0
Alyona Shchennikova,LSU (SEC),UB,1000.0
Alyssa Arana,Florida (SEC),UB,1000.0
Alyssa Fernandez,Southern Utah (WAC),UB,1000.0
Alyssa Guns,Kent State (MAC),UB,1000.0
Alyssa Kramer,Penn State (Big Ten),UB,1000.0
Amanda Hargraves,Denver (Big 12),UB,1000.0
Amani Herring,Penn State (Big Ten),UB,1000.0
Amari Drayton,LSU (SEC),UB,1000.0
Amelia Rieder,Southern Utah (WAC),UB,1000.0
Amelia Rock,Arizona (Big 12),UB,1000.0
Amy Wier,Missouri (SEC),UB,1000.0
Anahit Assadourian,Minnesota (Big Ten),UB,1000.0
Anaya Smith,Georgia (SEC),UB,1000.0
Anna Hill,Auburn (SEC),UB,1000.0
Anna Leigh,West Virginia (Big 12),UB,1000.0
Annalise Newman-Achee,California (ACC),UB,1000.0
Annie Beard,LSU (SEC),UB,1000.0
Anya Turner,Georgia (SEC),UB,1000.0
Ashley Carter,Stanford (ACC),UB,1000.0
Ashley Gallen,Denver (Big 12),UB,1000.0
Ashley Knight,NC State (ACC),UB,1000.0
Ashley Maul,Penn State (Big Ten),UB,1000.0
Ashlyn Doyle,Illinois (Big Ten),UB,1000.0
Ashton Meuret,Ohio State (Big Ten),UB,1000.0
Aspen Lenczner,Oklahoma (SEC),UB,1000.0
Aurélie Tran,Iowa (Big Ten),UB,1000.0
Ava Mabanta,Denver (Big 12),UB,1000.0
Ava Siegfeldt,Oklahoma (SEC),UB,1000.0
Ayla Acevedo,Missouri (SEC),UB,1000.0
Bella Ferraccio,Maryland (Big Ten),UB,1000.0
Bella Mabanta,Denver (Big 12),UB,1000.0
Bella Misiura,Penn State (Big Ten),UB,1000.0
Bella Salcedo,Penn State (Big Ten),UB,1000.0
Bri Edwards,Florida (SEC),UB,1000.0
Brianna Taurek,California (ACC),UB,1000.0
Bridget Kemp,Boise State (Mountain West Conference),UB,1000.0
Brie Clark,Clemson (ACC),UB,1000.0
Brinley Kitchen,Southern Utah (WAC),UB,1000.0
Bronwyn Hoffman,UCLA (Big Ten),UB,1000.0
Brooke Dennis,Alabama (SEC),UB,1000.0
Brooke Gleichowski,Georgia (SEC),UB,1000.0
Brooklyn Moors,UCLA (Big Ten),UB,1000.0
Brooklyn Rowray,Minnesota (Big Ten),UB,1000.0
Bryce Wilson,LSU (SEC),UB,1000.0
Bryn Bartman,Auburn (SEC),UB,1000.0
Brynlee Andersen,BYU (Big 12),UB,1000.0
Cady Duplissis,Michigan State (Big Ten),UB,1000.0
Caitlin McWilliams,Washington (Big Ten),UB,1000.0
Caitlin Smith,Oklahoma (SEC),UB,1000.0
Cally Swaney,Arkansas (SEC),UB,1000.0
Cameron Smith,Ohio State (Big Ten),UB,1000.0
Cami Weaver,Arkansas (SEC),UB,1000.0
Caralia Martinez,Southern Utah (WAC),UB,1000.0
Carissa Clay,UCLA (Big Ten),UB,1000.0
Carly Busch,Kentucky (SEC),UB,1000.0
Caroline Leonard,Auburn (SEC),UB,1000.0
Caroline Lichtman,Arizona State (Big 12),UB,1000.0
Cassie Lee,Iowa (Big Ten),UB,1000.0
Chandler Buntin,Arkansas (SEC),UB,1000.0
Chase Brock,LSU (SEC),UB,1000.0
Chavala Shepard,Arizona State (Big 12),UB,1000.0
Chelsea Hallinan,Washington (Big Ten),UB,1000.0
Chiara Andrew,BYU (Big 12),UB,1000.0
Chloe Negrete,NC State (ACC),UB,1000.0
Chloe Seaga,Arizona State (Big 12),UB,1000.0
Ciena Alipio,UCLA (Big Ten),UB,1000.0
Claire Dean,Stanford (ACC),UB,1000.0
Clara Raposo,Utah (Big 12),UB,1000.0
Clara Wren,UCLA (Big Ten),UB,1000.0
Corinne Bunagan,Alabama (SEC),UB,1000.0
Courtney Woods,Missouri (SEC),UB,1000.0
Creslyn Brose,Kentucky (SEC),UB,1000.0
Daisy Stephenson,BYU (Big 12),UB,1000.0
Dakota Essenpries,Arkansas (SEC),UB,1000.0
Danie Ferris,Florida (SEC),UB,1000.0
Delaney Reeves,Boise State (Mountain West Conference),UB,1000.0
Eden King,Illinois (Big Ten),UB,1000.0
Eden Webster,West Virginia (Big 12),UB,1000.0
Elina Vihrova,Penn State (Big Ten),UB,1000.0
Elise Tisler,Missouri (SEC),UB,1000.0
Elizabeth Blessey,Oklahoma (SEC),UB,1000.0
Elizabeth Gantner,Utah (Big 12),UB,1000.0
Elizabeth Larusso,Arizona (Big 12),UB,1000.0
Ella Tashjian,Yale (Ivy),UB,1000.0
Elle Beaufait,Michigan State (Big Ten),UB,1000.0
Ellie Cacciola,Southern Utah (WAC),UB,1000.0
Ellie Thomson,Southern Utah (WAC),UB,1000.0
Ellie Weaver,Oregon State (Pac-12),UB,1000.0
Elliot Bringhurst,Southern Utah (WAC),UB,1000.0
Emerson Smith,West Virginia (Big 12),UB,1000.0
Emily Countryman,Southern Utah (WAC),UB,1000.0
Emily Innes,Washington (Big Ten),UB,1000.0
Emily Koch,Minnesota (Big Ten),UB,1000.0
Emily Pires,Washington (Big Ten),UB,1000.0
Emily Plone,Southern Utah (WAC),UB,1000.0
Emma Malabuyo,UCLA (Big Ten),UB,1000.0
Emma Misenheimer,Michigan State (Big Ten),UB,1000.0
Emma Nipper,Southern Utah (WAC),UB,1000.0
Emma Schrady,Washington (Big Ten),UB,1000.0
Emma Strom,Arizona (Big 12),UB,1000.0
Emmalise Nock,Illinois (Big Ten),UB,1000.0
Eryn Williams,Georgia (SEC),UB,1000.0
Farah Lipetz,Michigan (Big Ten),UB,1000.0
Faye Rodio,Alabama (SEC),UB,1000.0
Francesca Caso,Oregon State (Pac-12),UB,1000.0
Frankie Price,Arkansas (SEC),UB,1000.0
Gabby Ladanyi,Alabama (SEC),UB,1000.0
Gabi Ortiz,Michigan State (Big Ten),UB,1000.0
Genevieve Lebster,Michigan State (Big Ten),UB,1000.0
Giana Kalefe,Michigan State (Big Ten),UB,1000.0
Gianna Lenczner,Arizona (Big 12),UB,1000.0
Gianna Ruffing,Maryland (Big Ten),UB,1000.0
Grace Anne Davis,Missouri (SEC),UB,1000.0
Grace Lacrosse,Clemson (ACC),UB,1000.0
Grace Walker,Ohio State (Big Ten),UB,1000.0
Gracie Long,BYU (Big 12),UB,1000.0
Guilianna Fiorillo,Oregon State (Pac-12),UB,1000.0
Hailey Klein,Arkansas (SEC),UB,1000.0
Hailey Merchant,Maryland (Big Ten),UB,1000.0
Haleigh Gibble,Penn State (Big Ten),UB,1000.0
Halle Braaflat,Georgia (SEC),UB,1000.0
Halle Gregoire,Arizona State (Big 12),UB,1000.0
Hallie Copperwheat,Pitt (ACC),UB,1000.0
Hannah Clark,Clemson (ACC),UB,1000.0
Hannah Hagle,Auburn (SEC),UB,1000.0
Hannah Scheible,Oklahoma (SEC),UB,1000.0
Haylee Hardin,Iowa State (Big 12),UB,1000.0
Heather Parker,Georgia (SEC),UB,1000.0
Ilka Juk,Iowa (Big Ten),UB,1000.0
Isabella Kowan,Arizona State (Big 12),UB,1000.0
Isabella Magnelli,Kentucky (SEC),UB,1000.0
Isabella Rivelli,Kentucky (SEC),UB,1000.0
Isabella Trostel,Michigan State (Big Ten),UB,1000.0
Ja'Leigh Lang,Arkansas (SEC),UB,1000.0
Jaedyn Rucker,Utah (Big 12),UB,1000.0
Jaime Pratt,Pittsburgh (ACC),UB,1000.0
Jamison Sears,Alabama (SEC),UB,1000.0
Jayda Lewter,Minnesota (Big Ten),UB,1000.0
Jaydah Battle,Georgia (SEC),UB,1000.0
Jayden Silvers,California (ACC),UB,1000.0
Jaye Mack,Illinois State (MIC),UB,1000.0
Jaylene Gilstrap,Utah (Big 12),UB,1000.0
Jenna Blair,Arizona State (Big 12),UB,1000.0
Jenna Mulligan,Michigan (Big Ten),UB,1000.0
Jenna Olshefski,Minnesota (Big Ten),UB,1000.0
Jenna Timmons,Arizona State (Big 12),UB,1000.0
Jersie Woolsey,Auburn (SEC),UB,1000.0
Jessa Conedera,Missouri (SEC),UB,1000.0
Jessica Janicke,Arizona (Big 12),UB,1000.0
Jessica Johanson,Penn State (Big Ten),UB,1000.0
Jessica Naranjo,North Carolina (ACC),UB,1000.0
Jillian Silvers,Arizona (Big 12),UB,1000.0
Jojo Warga,Ohio State (Big Ten),UB,1000.0
Jordan Kane,California (ACC),UB,1000.0
Jordan Valahovic,North Carolina (ACC),UB,1000.0
Jordyn Paradise,Alabama (SEC),UB,1000.0
Josephine Kogler,Maryland (Big Ten),UB,1000.0
Julia Knower,North Carolina (ACC),UB,1000.0
Julianne Huff,Auburn (SEC),UB,1000.0
KJ Johnson,LSU (SEC),UB,1000.0
Kaelyn Skeel,West Virginia (Big 12),UB,1000.0
Kaetlyn Tenesch,BYU (Big 12),UB,1000.0
Kaia Tanskanen,Missouri (SEC),UB,1000.0
Kaila Lawrence,Kentucky (SEC),UB,1000.0
Kailee Adomaites,NC State (ACC),UB,1000.0
Kaitlin Garcia,Oregon State (Pac-12),UB,1000.0
Kaitlyn Grimes,Ohio State (Big Ten),UB,1000.0
Kaliya Lincoln,LSU (SEC),UB,1000.0
Kalyxta Gamiao,Arkansas (SEC),UB,1000.0
Kara Eaker,Georgia (SEC),UB,1000.0
Karis German,Alabama (SEC),UB,1000.0
Karleigh DiCello,West Virginia (Big 12),UB,1000.0
Karleigh Reutzel,Ohio State (Big Ten),UB,1000.0
Karlie Chavez,Oregon State (Pac-12),UB,1000.0
Kasey Burke,George Washington (Atlantic 10 Conference),UB,1000.0
Kate Bryant,Clemson (ACC),UB,1000.0
Kate Parks,Ohio State (Big Ten),UB,1000.0
Katie Sawyer,Michigan State (Big Ten),UB,1000.0
Kayla Lee,Arizona State (Big 12),UB,1000.0
Kayla Pardue,Southern Utah (WAC),UB,1000.0
Kaylee Bluffstone,Florida (SEC),UB,1000.0
Kayli Boozer,Michigan (Big Ten),UB,1000.0
Keira Wells,Oklahoma (SEC),UB,1000.0
Kelsey Lee,Georgia (SEC),UB,1000.0
Kendall Abney,Michigan State (Big Ten),UB,1000.0
Kendall Landry,Minnesota (Big Ten),UB,1000.0
Kendall McGuire,Southern Utah (WAC),UB,1000.0
Kendall Whitman,George Washington (Atlantic 10 Conference),UB,1000.0
Kennedy Brown,Illinois (Big Ten),UB,1000.0
Kennedy Griffin,Missouri (SEC),UB,1000.0
Kerrington Baham,Ohio State (Big Ten),UB,1000.0
Kielyn McCright,Clemson (ACC),UB,1000.0
Kira Bolden,Washington (Big Ten),UB,1000.0
Kristin Lin,Washington (Big Ten),UB,1000.0
Kyen Mayhew,California (ACC),UB,1000.0
Kyla Petrocci,NC State (ACC),UB,1000.0
Kylie Coen,LSU (SEC),UB,1000.0
Kylie Minard,Missouri (SEC),UB,1000.0
Lana Navarro,Washington (Big Ten),UB,1000.0
Lauren Brendlinger,Maryland (Big Ten),UB,1000.0
Lauren Hollifield,Nebraska (Big Ten),UB,1000.0
Lauren Hsu,Michigan State (Big Ten),UB,1000.0
Lauren Letzsch,Oregon State (Pac-12),UB,1000.0
Lauren Macpherson,Missouri (SEC),UB,1000.0
Lauren Pearl,Minnesota (Big Ten),UB,1000.0
Lauren Rutherford,Clemson (ACC),UB,1000.0
Lauren Thomas,Iowa State (Big 12),UB,1000.0
Lauren Williams,Arkansas (SEC),UB,1000.0
Layla Hammer,Maryland (Big Ten),UB,1000.0
Leah Gonsiorowski,Minnesota (Big Ten),UB,1000.0
Leah Miller,LSU (SEC),UB,1000.0
Levi Jung-Ruivivar,Stanford (ACC),UB,1000.0
Lilia Purler,Arizona State (Big 12),UB,1000.0
Lilly Timmerman,Minnesota (Big Ten),UB,1000.0
Lily Kurrack,Clemson (ACC),UB,1000.0
Lindsay Bacheler,Maryland (Big Ten),UB,1000.0
Logan Buckmon,Maryland (Big Ten),UB,1000.0
Lori Brubach,Florida (SEC),UB,1000.0
Love Birt,Alabama (SEC),UB,1000.0
Lucy Stanhope,Nebraska (Big Ten),UB,1000.0
MaKayla Tucker,Michigan State (Big Ten),UB,1000.0
Mackenzie Kelly,Southern Utah (WAC),UB,1000.0
Macy Jennings,NC State (ACC),UB,1000.0
Maddie Komorosk,Maryland (Big Ten),UB,1000.0
Maddison Reidenbach,Denver (Big 12),UB,1000.0
Madison Minner,Clemson (ACC),UB,1000.0
Maggie Holman,Clemson (ACC),UB,1000.0
Maggie Murphy,Maryland (Big Ten),UB,1000.0
Maisyn Rader,Ohio State (Big Ten),UB,1000.0
Makenzie Wilson,Kentucky (SEC),UB,1000.0
Mallory Gregory,Ohio State (Big Ten),UB,1000.0
Maria Ferguson,Southern Utah (WAC),UB,1000.0
Marisa Fisher,Minnesota (Big Ten),UB,1000.0
Marissa Jencks,Minnesota (Big Ten),UB,1000.0
Marissa Neal,Auburn (SEC),UB,1000.0
Marly Esteves,Illinois (Big Ten),UB,1000.0
Mary Green,Ohio State (Big Ten),UB,1000.0
McClaine Daigle,Arizona State (Big 12),UB,1000.0
McKenna Carnesi,Washington (Big Ten),UB,1000.0
Megan Sapp,Illinois (Big Ten),UB,1000.0
Megan Steensland,Minnesota (Big Ten),UB,1000.0
Mia Erdoes,UCLA (Big Ten),UB,1000.0
Mia Heather,Oregon State (Pac-12),UB,1000.0
Miki Aderinto,California (ACC),UB,1000.0
Mila Brusch,Denver (Big 12),UB,1000.0
Molly Arnold,Clemson (ACC),UB,1000.0
Morgan Walsh,Minnesota (Big Ten),UB,1000.0
Mya North,Southern Utah (WAC),UB,1000.0
Natalie Martin,Maryland (Big Ten),UB,1000.0
Natalie Thomas,George Washington (Atlantic 10 Conference),UB,1000.0
Nicole King,Georgia (SEC),UB,1000.0
Nicollette Crochet,Maryland (Big Ten),UB,1000.0
Noelle Adams,Iowa State (Big 12),UB,1000.0
Noelle Ball,Boise State (Mountain West Conference),UB,1000.0
Nyla Aquino,Georgia (SEC),UB,1000.0
Olivia Buckner,Oregon State (Pac-12),UB,1000.0
Olivia Childs,Arizona (Big 12),UB,1000.0
Olivia Kennedy,Utah (Big 12),UB,1000.0
Olivia Oppegard,Washington (Big Ten),UB,1000.0
Olivia VanHorn,University of Pennsylvania (Ivy League),UB,1000.0
Olivia Yarussi,Penn State (Big Ten),UB,1000.0
Ondine Achampong,California (ACC),UB,1000.0
Paige Anastasi,UCLA (Big Ten),UB,1000.0
Paige Thaxton,Michigan (Big Ten),UB,1000.0
Paige Zancan,Auburn (SEC),UB,1000.0
Paityn Walker,Alabama (SEC),UB,1000.0
Peyton Davis,Michigan (Big Ten),UB,1000.0
Porsche Trinidad,Stanford (ACC),UB,1000.0
Quinn Kuhl,Clemson (ACC),UB,1000.0
Rachel Rybicki,Alabama (SEC),UB,1000.0
Rayna Engelmayer,Maryland (Big Ten),UB,1000.0
Reagan Sams,Ohio State (Big Ten),UB,1000.0
Rebecca Wells,Clemson (ACC),UB,1000.0
Reese Baechle,Nebraska (Big Ten),UB,1000.0
Reese Baker,Nebraska (Big Ten),UB,1000.0
Reese Wilson,Iowa (Big Ten),UB,1000.0
Regan McBride,North Carolina (ACC),UB,1000.0
Reina Marchal,Oregon State (Pac-12),UB,1000.0
Reyna Guggino,Michigan (Big Ten),UB,1000.0
Riley Jenkins,UCLA (Big Ten),UB,1000.0
Rylee Miller,Southern Utah (WAC),UB,1000.0
Sage Melkonian,California (ACC),UB,1000.0
Sage Paladino,Southern Utah (WAC),UB,1000.0
Samantha Schneider,Minnesota (Big Ten),UB,1000.0
Samara Buchanan,Ohio State (Big Ten),UB,1000.0
Sara Hubbard,Auburn (SEC),UB,1000.0
Sarah Krump,Utah (Big 12),UB,1000.0
Sarah Moraw,Minnesota (Big Ten),UB,1000.0
Sarah Zois,Auburn (SEC),UB,1000.0
Savannah Miller,Oregon State (Pac-12),UB,1000.0
Shani Sirota,Maryland (Big Ten),UB,1000.0
Sharon Lee,Kentucky (SEC),UB,1000.0
Sidney Washington,Ohio State (Big Ten),UB,1000.0
Sierra Ballard,LSU (SEC),UB,1000.0
Sierra Church,Clemson (ACC),UB,1000.0
Sierra Kondo,Maryland (Big Ten),UB,1000.0
Skye Blakely,Florida (SEC),UB,1000.0
Sophia Greaves,Auburn (SEC),UB,1000.0
Sophia Maisel,Arizona (Big 12),UB,1000.0
Sophia Nguyen,Minnesota (Big Ten),UB,1000.0
Sophia Rice,West Virginia (Big 12),UB,1000.0
Sophia Stephens,Arizona (Big 12),UB,1000.0
Sophie Hampp,Denver (Big 12),UB,1000.0
Sophie Swartzmiller,Minnesota (Big Ten),UB,1000.0
Stephanie Lebster,Michigan State (Big Ten),UB,1000.0
Suki Pfister,Ball State (MAC),UB,1000.0
Sydney Barros,UCLA (Big Ten),UB,1000.0
Sydney Gonzales,Oregon State (Pac-12),UB,1000.0
Sydney Schumaker,Auburn (SEC),UB,1000.0
Sydney Turner,Iowa (Big Ten),UB,1000.0
Sydney Wilke,Illinois (Big Ten),UB,1000.0
Syniya Thomas,NC State (ACC),UB,1000.0
Tara Walsh,Clemson (ACC),UB,1000.0
Taralyn Nguyen,Stanford (ACC),UB,1000.0
Taylor Clark,Florida (SEC),UB,1000.0
Taylor DeVries,Oregon State (Pac-12),UB,1000.0
Taylor Gull,Southern Utah (WAC),UB,1000.0
Taylor Rech,Maryland (Big Ten),UB,1000.0
Taylor Tuohy,West Virginia (Big 12),UB,1000.0
Teagan White,Arizona (Big 12),UB,1000.0
Temple Landry,Stanford (ACC),UB,1000.0
Thu Nguyen,Washington (Big Ten),UB,1000.0
Tiara Platkin,Arizona State (Big 12),UB,1000.0
Ui Soma,Stanford (ACC),UB,1000.0
Victoria Cluck,Stanford (ACC),UB,1000.0
Victoria Gatzendorfer,Maryland (Big Ten),UB,1000.0
Victoria Roberts,LSU (SEC),UB,1000.0
Zoe Middleton,Ball State (MAC),UB,1000.0
Zoe Miller,LSU (SEC),UB,1000.0
Zoe Safran,George Washington (Atlantic 10 Conference),UB,1000.0
Zora Morgan,Georgia (SEC),UB,1000.0
Adeline Kenlin,Iowa (Big Ten),BB,6250.0
Aleah Finnegan,LSU (SEC),BB,6250.0
Alyssa Arana,Florida (SEC),BB,6250.0
Audrey Davis,Oklahoma (SEC),BB,6250.0
Brynlee Andersen,BYU (Big 12),BB,6250.0
Camie Winger,Utah (Big 12),BB,6250.0
Emily Lee,UCLA (Big Ten),BB,6250.0
Emma Malabuyo,UCLA (Big Ten),BB,6250.0
Faith Torrez,Oklahoma (SEC),BB,6250.0
Grace McCallum,Utah (Big 12),BB,6250.0
Helen Hu,Missouri (SEC),BB,6250.0
Isabella Magnelli,Kentucky (SEC),BB,6250.0
Jade Carey,Oregon State (Pac-12),BB,6250.0
Jerquavia Henderson,Iowa (Big Ten),BB,6250.0
Jordan Bowers,Oklahoma (SEC),BB,6250.0
Jordan Chiles,UCLA (Big Ten),BB,6250.0
Joscelyn Roberson,Arkansas (SEC),BB,6250.0
Kailin Chio,LSU (SEC),BB,6250.0
Kayla DiCello,Florida (SEC),BB,6250.0
Lily Pederson,Oklahoma (SEC),BB,6250.0
Makenna Smith,Utah (Big 12),BB,6250.0
Mya Lauzon,California (ACC),BB,6250.0
Sienna Robinson,Stanford (ACC),BB,6250.0
Addison Fatta,Oklahoma (SEC),BB,5000.0
Amelie Morgan,Utah (Big 12),BB,5000.0
Anya Turner,Georgia (SEC),BB,5000.0
Avery Neff,Utah (Big 12),BB,5000.0
Carly Bauman,Michigan (Big Ten),BB,5000.0
Chae Campbell,UCLA (Big Ten),BB,5000.0
Chloe Cho,Illinois (Big Ten),BB,5000.0
Chloe Negrete,NC State (ACC),BB,5000.0
Ciena Alipio,UCLA (Big Ten),BB,5000.0
Emily White,Arizona State (Big 12),BB,5000.0
Gabrielle Stephen,Michigan State (Big Ten),BB,5000.0
Jahzara Ranger,Michigan (Big Ten),BB,5000.0
Jordyn Lyden,Minnesota (Big Ten),BB,5000.0
Kara Eaker,Georgia (SEC),BB,5000.0
Katelyn Jong,Auburn (SEC),BB,5000.0
Kayli Boozer,Michigan (Big Ten),BB,5000.0
Lauren Macpherson,Missouri (SEC),BB,5000.0
Lily Smith,Georgia (SEC),BB,5000.0
Madelyn Williams,California (ACC),BB,5000.0
Payton Harris,Ohio State (Big Ten),BB,5000.0
Rebecca Wells,Clemson (ACC),BB,5000.0
Skyla Schulte,Michigan State (Big Ten),BB,5000.0
Sloane Blakely,Florida (SEC),BB,5000.0
Sophia McClelland,Nebraska (Big Ten),BB,5000.0
Victoria Nguyen,Florida (SEC),BB,5000.0
eMjae Frazier,California (ACC),BB,5000.0
Abigayle Martin,Arizona (Big 12),BB,4000.0
Alexis Jeffrey,LSU (SEC),BB,4000.0
Ana Padurariu,Utah (Big 12),BB,4000.0
Anya Pilgrim,Florida (SEC),BB,4000.0
Ava Stewart,Minnesota (Big Ten),BB,4000.0
Bella Salcedo,Penn State (Big Ten),BB,4000.0
Brenna Neault,Stanford (ACC),BB,4000.0
Brooklyn Moors,UCLA (Big Ten),BB,4000.0
Chloe LaCoursiere,Alabama (SEC),BB,4000.0
Claire Dean,Stanford (ACC),BB,4000.0
Deiah Moody,Washington (Big Ten),BB,4000.0
Elena Deets,Arizona (Big 12),BB,4000.0
Emily Lopez,Boise State (Mountain West Conference),BB,4000.0
Emily Mueller,Arizona (Big 12),BB,4000.0
Emma Nipper,Southern Utah (WAC),BB,4000.0
Emma Strom,Arizona (Big 12),BB,4000.0
Gabby McLaughlin,Auburn (SEC),BB,4000.0
Gabi Ortiz,Michigan State (Big Ten),BB,4000.0
Giana Kalefe,Michigan State (Big Ten),BB,4000.0
Haleigh Bryant,LSU (SEC),BB,4000.0
Hannah Clark,Clemson (ACC),BB,4000.0
Jaydah Battle,Georgia (SEC),BB,4000.0
Jennifer McMillan,Oregon State (Pac-12),BB,4000.0
Kalyxta Gamiao,Arkansas (SEC),BB,4000.0
Katelyn Rosen,UCLA (Big Ten),BB,4000.0
Kennedy Griffin,Missouri (SEC),BB,4000.0
Konnor McClain,LSU (SEC),BB,4000.0
Lauren Letzsch,Oregon State (Pac-12),BB,4000.0
Leanne Wong,Florida (SEC),BB,4000.0
Madison Ulrich,Denver (Big 12),BB,4000.0
Mati Waligora,Arkansas (SEC),BB,4000.0
Miki Aderinto,California (ACC),BB,4000.0
Momoko Iwai,Denver (Big 12),BB,4000.0
Nikki Smith,Michigan State (Big Ten),BB,4000.0
Olivia Hollingsworth,Auburn (SEC),BB,4000.0
Olivia Kelly,Missouri (SEC),BB,4000.0
Paige Zancan,Auburn (SEC),BB,4000.0
Sarah Moraw,Minnesota (Big Ten),BB,4000.0
Selena Harris-Miranda,Florida (SEC),BB,4000.0
Shania Adams,Alabama (SEC),BB,4000.0
Sierra Ballard,LSU (SEC),BB,4000.0
Skylar Killough-Wilhelm,Kentucky (SEC),BB,4000.0
Sophia Esposito,Oregon State (Pac-12),BB,4000.0
Sophia Groth,Auburn (SEC),BB,4000.0
Taylor Russon,Washington (Big Ten),BB,4000.0
Temple Landry,Stanford (ACC),BB,4000.0
Ady Wahl,Georgia (SEC),BB,3000.0
Alyssa Fernandez,Southern Utah (WAC),BB,3000.0
Amy Wier,Missouri (SEC),BB,3000.0
Ashley Carter,Stanford (ACC),BB,3000.0
Ava Piedrahita,Penn State (Big Ten),BB,3000.0
Bella Mabanta,Denver (Big 12),BB,3000.0
Brooklyn Rowray,Minnesota (Big Ten),BB,3000.0
Cadence Gormley,Kentucky (SEC),BB,3000.0
Cami Weaver,Arkansas (SEC),BB,3000.0
Cecilia Cooley,Denver (Big 12),BB,3000.0
Chelsea Hallinan,Washington (Big Ten),BB,3000.0
Creslyn Brose,Kentucky (SEC),BB,3000.0
Delanie Harkness,Michigan State (Big Ten),BB,3000.0
Delaynee Rodriguez,Kentucky (SEC),BB,3000.0
Elizabeth Gantner,Utah (Big 12),BB,3000.0
Ella Cesario,California (ACC),BB,3000.0
Elle Mueller,Oklahoma (SEC),BB,3000.0
Ellie Lazzari,Florida (SEC),BB,3000.0
Emily Innes,Washington (Big Ten),BB,3000.0
Emma Spence,Nebraska (Big Ten),BB,3000.0
Hailey Klein,Arkansas (SEC),BB,3000.0
Hallie Copperwheat,Pitt (ACC),BB,3000.0
Harlyn Tomlin,Georgia (SEC),BB,3000.0
JaFree Scott,Georgia (SEC),BB,3000.0
Jacey Vore,Michigan (Big Ten),BB,3000.0
Jenna Mulligan,Michigan (Big Ten),BB,3000.0
Jessica Naranjo,North Carolina (ACC),BB,3000.0
Josephine Kogler,Maryland (Big Ten),BB,3000.0
Kaitlyn Ewald,Arkansas (SEC),BB,3000.0
Kalea McElligott,Penn State (Big Ten),BB,3000.0
Keira Wells,Oklahoma (SEC),BB,3000.0
Lauren Thomas,Iowa State (Big 12),BB,3000.0
Lauren Williams,Arkansas (SEC),BB,3000.0
Lundyn VanderToolen,Utah State (Mountain West Conference),BB,3000.0
MaKayla Tucker,Michigan State (Big Ten),BB,3000.0
Maddie Johnston,Penn State (Big Ten),BB,3000.0
Maisyn Rader,Ohio State (Big Ten),BB,3000.0
Mia Hebinck,Denver (Big 12),BB,3000.0
Morgan Price,Fisk (GCAC),BB,3000.0
Nya Kraus,Nebraska (Big Ten),BB,3000.0
Olivia Ahern,Auburn (SEC),BB,3000.0
Olivia Buckner,Oregon State (Pac-12),BB,3000.0
Poppy-Grace Stickler,Utah (Big 12),BB,3000.0
Priscilla Park,Arkansas (SEC),BB,3000.0
Railey Jackson,Missouri (SEC),BB,3000.0
Rayna Light,Missouri (SEC),BB,3000.0
Reyna Guggino,Michigan (Big Ten),BB,3000.0
Rosie Casali,Denver (Big 12),BB,3000.0
Rylee Miller,Southern Utah (WAC),BB,3000.0
Sarah Zois,Auburn (SEC),BB,3000.0
Skylar Draser,Florida (SEC),BB,3000.0
Sophia Diaz,Michigan (Big Ten),BB,3000.0
Sophie Parenti,Michigan (Big Ten),BB,3000.0
Sydney Gonzales,Oregon State (Pac-12),BB,3000.0
Taralyn Nguyen,Stanford (ACC),BB,3000.0
Abigail Bednar,Kentucky (SEC),BB,2000.0
Alysen Fears,Arizona (Big 12),BB,2000.0
Alyssa Orgen,Kentucky (SEC),BB,2000.0
Amani Herring,Penn State (Big Ten),BB,2000.0
Amy Doyle,Michigan State (Big Ten),BB,2000.0
Amy Fukami,Michigan (Big Ten),BB,2000.0
Ashley Maul,Penn State (Big Ten),BB,2000.0
Ashley Szymanski,Ball State (MAC),BB,2000.0
Audrey Sanger,Michigan (Big Ten),BB,2000.0
Ava Siegfeldt,Oklahoma (SEC),BB,2000.0
Brie Clark,Clemson (ACC),BB,2000.0
Cady Duplissis,Michigan State (Big Ten),BB,2000.0
Cally Swaney,Arkansas (SEC),BB,2000.0
Cameron Smith,Ohio State (Big Ten),BB,2000.0
Cassie Lee,Iowa (Big Ten),BB,2000.0
Chesney Bennett,Kentucky (SEC),BB,2000.0
Danielle Latronica,Penn State (Big Ten),BB,2000.0
Danika Nielsen,Clemson (ACC),BB,2000.0
Deborah Silva,BYU (Big 12),BB,2000.0
Eden Webster,West Virginia (Big 12),BB,2000.0
Ellie Cacciola,Southern Utah (WAC),BB,2000.0
Ellie Monahan,Penn State (Big Ten),BB,2000.0
Emily Countryman,Southern Utah (WAC),BB,2000.0
Emily Koch,Minnesota (Big Ten),BB,2000.0
Emma Mason,Georgia (SEC),BB,2000.0
Gianna Lenczner,Arizona (Big 12),BB,2000.0
Grace Anne Davis,Missouri (SEC),BB,2000.0
Guilianna Fiorillo,Oregon State (Pac-12),BB,2000.0
JJ Coleman,Ohio State (Big Ten),BB,2000.0
Jada Mangahas,Arizona State (Big 12),BB,2000.0
Jaye Mack,Illinois State (MIC),BB,2000.0
Jordan Valahovic,North Carolina (ACC),BB,2000.0
Julia Knower,North Carolina (ACC),BB,2000.0
KJ Johnson,LSU (SEC),BB,2000.0
Katie Harper,NC State (ACC),BB,2000.0
Keeley Smith,Rutgers (Big Ten),BB,2000.0
Kelsey Slade,Oklahoma (SEC),BB,2000.0
Kendall Whitman,George Washington (Atlantic 10 Conference),BB,2000.0
Kendra Chang,Stanford (ACC),BB,2000.0
Kennedy Brown,Illinois (Big Ten),BB,2000.0
Kyla Petrocci,NC State (ACC),BB,2000.0
Kylee Kvamme,Alabama (SEC),BB,2000.0
Kylie Coen,LSU (SEC),BB,2000.0
Lauren Hollifield,Nebraska (Big Ten),BB,2000.0
Lauren Pearl,Minnesota (Big Ten),BB,2000.0
Lilly Lippeatt,Clemson (ACC),BB,2000.0
Lola Montevago,George Washington (Atlantic 10 Conference),BB,2000.0
Love Birt,Alabama (SEC),BB,2000.0
Ly Bui,Florida (SEC),BB,2000.0
Macy McGowan,UCLA (Big Ten),BB,2000.0
Mara Titarsolej,Missouri (SEC),BB,2000.0
Mia Hampton,Southern Utah (WAC),BB,2000.0
Molly Peterson,Nebraska (Big Ten),BB,2000.0
Nina Laurito,Arizona State (Big 12),BB,2000.0
Niya Randolph,Southern Utah (WAC),BB,2000.0
Paityn Walker,Alabama (SEC),BB,2000.0
Peyton Davis,Michigan (Big Ten),BB,2000.0
Riley Maness,West Virginia (Big 12),BB,2000.0
Ryan Fuller,Alabama (SEC),BB,2000.0
Rylie Mundell,Denver (Big 12),BB,2000.0
Sadie Jane Berry,Georgia (SEC),BB,2000.0
Sarah Clark,Arizona State (Big 12),BB,2000.0
Sasha Fujisaka,UCLA (Big Ten),BB,2000.0
Sierra Church,Clemson (ACC),BB,2000.0
Teryn Crump,Minnesota (Big Ten),BB,2000.0
Tiara Platkin,Arizona State (Big 12),BB,2000.0
Zora Morgan,Georgia (SEC),BB,2000.0
Abbey Scanlon,California (ACC),BB,1000.0
Abbie Thompson,Denver (Big 12),BB,1000.0
Abby Mueller,Missouri (SEC),BB,1000.0
Aberdeen O'Driscoll,Georgia (SEC),BB,1000.0
Addilyn Glazier,BYU (Big 12),BB,1000.0
Addison Hewitt,Maryland (Big Ten),BB,1000.0
Addison Lawrence,Missouri (SEC),BB,1000.0
Addisyn Hurley Snow,Oklahoma (SEC),BB,1000.0
Ainsley Greever,Arizona (Big 12),BB,1000.0
Alana Walker,Stanford (ACC),BB,1000.0
Alex Irvine,Auburn (SEC),BB,1000.0
Alex Routsis,Southern Utah (WAC),BB,1000.0
Alex Theodorou,Arizona State (Big 12),BB,1000.0
Alexa Chuy,George Washington (Atlantic 10 Conference),BB,1000.0
Alexa Rothenbuescher,Maryland (Big Ten),BB,1000.0
Alexia Mouyenga,Washington (Big Ten),BB,1000.0
Alexis Czarrunchick,Georgia (SEC),BB,1000.0
Allison Kaempfer,Penn State (Big Ten),BB,1000.0
Alyona Shchennikova,LSU (SEC),BB,1000.0
Alyssa Guns,Kent State (MAC),BB,1000.0
Alyssa Kramer,Penn State (Big Ten),BB,1000.0
Amanda Hargraves,Denver (Big 12),BB,1000.0
Amari Celestine,Missouri (SEC),BB,1000.0
Amari Drayton,LSU (SEC),BB,1000.0
Amelia Rieder,Southern Utah (WAC),BB,1000.0
Amelia Rock,Arizona (Big 12),BB,1000.0
Anahit Assadourian,Minnesota (Big Ten),BB,1000.0
Anapaula Gutierrez,Stanford (ACC),BB,1000.0
Anaya Smith,Georgia (SEC),BB,1000.0
Anna Flynn Cashion,Kentucky (SEC),BB,1000.0
Anna Hill,Auburn (SEC),BB,1000.0
Anna Leigh,West Virginia (Big 12),BB,1000.0
Anna Roberts,Stanford (ACC),BB,1000.0
Annalise Newman-Achee,California (ACC),BB,1000.0
Annie Beard,LSU (SEC),BB,1000.0
Arielle Ward,Illinois (Big Ten),BB,1000.0
Ashley Cowan,LSU (SEC),BB,1000.0
Ashley Gallen,Denver (Big 12),BB,1000.0
Ashley Glynn,Utah (Big 12),BB,1000.0
Ashley Knight,NC State (ACC),BB,1000.0
Ashlyn Doyle,Illinois (Big Ten),BB,1000.0
Ashton Meuret,Ohio State (Big Ten),BB,1000.0
Aspen Lenczner,Oklahoma (SEC),BB,1000.0
Asta Farrell,Michigan State (Big Ten),BB,1000.0
Aubrey Krohnfeldt,Arizona (Big 12),BB,1000.0
Aurélie Tran,Iowa (Big Ten),BB,1000.0
Ava Jordan,Michigan (Big Ten),BB,1000.0
Ava Mabanta,Denver (Big 12),BB,1000.0
Ava Myers,NC State (ACC),BB,1000.0
Ava Sorrento,Stanford (ACC),BB,1000.0
Ayla Acevedo,Missouri (SEC),BB,1000.0
Bella Ferraccio,Maryland (Big Ten),BB,1000.0
Bella Misiura,Penn State (Big Ten),BB,1000.0
Bella O'Bryant,NC State (ACC),BB,1000.0
Bri Edwards,Florida (SEC),BB,1000.0
Brianna Taurek,California (ACC),BB,1000.0
Bridget Kemp,Boise State (Mountain West Conference),BB,1000.0
Brinlee Christensen,Southern Utah (WAC),BB,1000.0
Brinley Kitchen,Southern Utah (WAC),BB,1000.0
Bronwyn Hoffman,UCLA (Big Ten),BB,1000.0
Brooke Dennis,Alabama (SEC),BB,1000.0
Brooke Gleichowski,Georgia (SEC),BB,1000.0
Bryce Wilson,LSU (SEC),BB,1000.0
Bryn Bartman,Auburn (SEC),BB,1000.0
CJ Keuneke,California (ACC),BB,1000.0
Cadence Goldberg,Kentucky (SEC),BB,1000.0
Caitlin McWilliams,Washington (Big Ten),BB,1000.0
Caitlin Smith,Oklahoma (SEC),BB,1000.0
Cameron Machado,Alabama (SEC),BB,1000.0
Caralia Martinez,Southern Utah (WAC),BB,1000.0
Carissa Clay,UCLA (Big Ten),BB,1000.0
Carley Beeman,Oregon State (Pac-12),BB,1000.0
Carly Busch,Kentucky (SEC),BB,1000.0
Caroline Leonard,Auburn (SEC),BB,1000.0
Caroline Lichtman,Arizona State (Big 12),BB,1000.0
Caroline Volk,NC State (ACC),BB,1000.0
Casey Brown,California (ACC),BB,1000.0
Cassi Barbanente,Penn State (Big Ten),BB,1000.0
Cecily Rizo,Kentucky (SEC),BB,1000.0
Chandler Buntin,Arkansas (SEC),BB,1000.0
Chase Brock,LSU (SEC),BB,1000.0
Chavala Shepard,Arizona State (Big 12),BB,1000.0
Chiara Andrew,BYU (Big 12),BB,1000.0
Chloe Seaga,Arizona State (Big 12),BB,1000.0
Claire Stippich,North Carolina (ACC),BB,1000.0
Clara Raposo,Utah (Big 12),BB,1000.0
Clara Wren,UCLA (Big Ten),BB,1000.0
Corinne Bunagan,Alabama (SEC),BB,1000.0
Courtney McCann,Ohio State (Big Ten),BB,1000.0
Courtney Woods,Missouri (SEC),BB,1000.0
Csenge Bácskay,Georgia (SEC),BB,1000.0
Daisy Stephenson,BYU (Big 12),BB,1000.0
Dakota Essenpries,Arkansas (SEC),BB,1000.0
Danae Fletcher,Oklahoma (SEC),BB,1000.0
Danie Ferris,Florida (SEC),BB,1000.0
Danielle Sievers,Oklahoma (SEC),BB,1000.0
Delaney Adrian,Rutgers (Big Ten),BB,1000.0
Delaney Reeves,Boise State (Mountain West Conference),BB,1000.0
Eden King,Illinois (Big Ten),BB,1000.0
Elina Vihrova,Penn State (Big Ten),BB,1000.0
Elise Tisler,Missouri (SEC),BB,1000.0
Elizabeth Blessey,Oklahoma (SEC),BB,1000.0
Elizabeth Larusso,Arizona (Big 12),BB,1000.0
Elizabeth Leary,Penn State (Big Ten),BB,1000.0
Ella Tashjian,Yale (Ivy),BB,1000.0
Ella Zirbes,Utah (Big 12),BB,1000.0
Elle Beaufait,Michigan State (Big Ten),BB,1000.0
Ellie Thomson,Southern Utah (WAC),BB,1000.0
Ellie Weaver,Oregon State (Pac-12),BB,1000.0
Elliot Bringhurst,Southern Utah (WAC),BB,1000.0
Emerson Smith,West Virginia (Big 12),BB,1000.0
Emily Pires,Washington (Big Ten),BB,1000.0
Emily Plone,Southern Utah (WAC),BB,1000.0
Emma Grace Boyd,Auburn (SEC),BB,1000.0
Emma Misenheimer,Michigan State (Big Ten),BB,1000.0
Emma Schrady,Washington (Big Ten),BB,1000.0
Emmalise Nock,Illinois (Big Ten),BB,1000.0
Eryn Williams,Georgia (SEC),BB,1000.0
Eve Jackson,Clemson (ACC),BB,1000.0
Farah Lipetz,Michigan (Big Ten),BB,1000.0
Faye Rodio,Alabama (SEC),BB,1000.0
Francesca Caso,Oregon State (Pac-12),BB,1000.0
Frankie Price,Arkansas (SEC),BB,1000.0
Frida Esparza,UCLA (Big Ten),BB,1000.0
Gabbie Gallentine,Penn State (Big Ten),BB,1000.0
Gabby Disidore,Florida (SEC),BB,1000.0
Gabby Gladieux,Alabama (SEC),BB,1000.0
Gabby Ladanyi,Alabama (SEC),BB,1000.0
Genevieve Lebster,Michigan State (Big Ten),BB,1000.0
Gianna Ruffing,Maryland (Big Ten),BB,1000.0
Grace Drexler,Arkansas (SEC),BB,1000.0
Grace Lacrosse,Clemson (ACC),BB,1000.0
Grace Walker,Ohio State (Big Ten),BB,1000.0
Gracie Long,BYU (Big 12),BB,1000.0
Hailey Davis,Kentucky (SEC),BB,1000.0
Hailey Merchant,Maryland (Big Ten),BB,1000.0
Haleigh Gibble,Penn State (Big Ten),BB,1000.0
Halle Braaflat,Georgia (SEC),BB,1000.0
Halle Gregoire,Arizona State (Big 12),BB,1000.0
Hannah Hagle,Auburn (SEC),BB,1000.0
Hannah Horton,Missouri (SEC),BB,1000.0
Hannah Scheible,Oklahoma (SEC),BB,1000.0
Haylee Hardin,Iowa State (Big 12),BB,1000.0
Haylen Zabrowski,Michigan (Big Ten),BB,1000.0
Heather Parker,Georgia (SEC),BB,1000.0
Holly Snyder,Georgia (SEC),BB,1000.0
Ilka Juk,Iowa (Big Ten),BB,1000.0
Isabella Kowan,Arizona State (Big 12),BB,1000.0
Isabella Minervini,Towson (CAA),BB,1000.0
Isabella Neff,Southern Utah (WAC),BB,1000.0
Isabella Rivelli,Kentucky (SEC),BB,1000.0
Isabella Trostel,Michigan State (Big Ten),BB,1000.0
Ja'Leigh Lang,Arkansas (SEC),BB,1000.0
Jaedyn Rucker,Utah (Big 12),BB,1000.0
Jaime Dugan,Stanford (ACC),BB,1000.0
Jaime Pratt,Pittsburgh (ACC),BB,1000.0
Jamison Sears,Alabama (SEC),BB,1000.0
Jayda Lewter,Minnesota (Big Ten),BB,1000.0
Jayden Silvers,California (ACC),BB,1000.0
Jaylene Gilstrap,Utah (Big 12),BB,1000.0
Jenna Blair,Arizona State (Big 12),BB,1000.0
Jenna Olshefski,Minnesota (Big Ten),BB,1000.0
Jenna Rusk,NC State (ACC),BB,1000.0
Jenna Timmons,Arizona State (Big 12),BB,1000.0
Jersie Woolsey,Auburn (SEC),BB,1000.0
Jessa Conedera,Missouri (SEC),BB,1000.0
Jessica Janicke,Arizona (Big 12),BB,1000.0
Jessica Johanson,Penn State (Big Ten),BB,1000.0
Jessica Reith,Washington (Big Ten),BB,1000.0
Jillian Procasky,Kentucky (SEC),BB,1000.0
Jillian Silvers,Arizona (Big 12),BB,1000.0
Jocelyn Moore,Missouri (SEC),BB,1000.0
Jojo Warga,Ohio State (Big Ten),BB,1000.0
Jordan Kane,California (ACC),BB,1000.0
Jordyn Ewing,Pittsburgh (ACC),BB,1000.0
Jordyn Paradise,Alabama (SEC),BB,1000.0
Julianna Weeks,Arkansas (SEC),BB,1000.0
Julianne Huff,Auburn (SEC),BB,1000.0
Kaelyn Skeel,West Virginia (Big 12),BB,1000.0
Kaetlyn Tenesch,BYU (Big 12),BB,1000.0
Kaia Tanskanen,Missouri (SEC),BB,1000.0
Kaila Lawrence,Kentucky (SEC),BB,1000.0
Kailee Adomaites,NC State (ACC),BB,1000.0
Kaitlin Garcia,Oregon State (Pac-12),BB,1000.0
Kaitlyn Grimes,Ohio State (Big Ten),BB,1000.0
Kaliya Lincoln,LSU (SEC),BB,1000.0
Karina Munoz,Iowa (Big Ten),BB,1000.0
Karis German,Alabama (SEC),BB,1000.0
Karleigh DiCello,West Virginia (Big 12),BB,1000.0
Karleigh Reutzel,Ohio State (Big Ten),BB,1000.0
Karlie Chavez,Oregon State (Pac-12),BB,1000.0
Kasey Burke,George Washington (Atlantic 10 Conference),BB,1000.0
Kate Bryant,Clemson (ACC),BB,1000.0
Kate Parks,Ohio State (Big Ten),BB,1000.0
Kathryn Weilbacher,LSU (SEC),BB,1000.0
Katie Sawyer,Michigan State (Big Ten),BB,1000.0
Kayla Lee,Arizona State (Big 12),BB,1000.0
Kayla Pardue,Southern Utah (WAC),BB,1000.0
Kaylee Bluffstone,Florida (SEC),BB,1000.0
Kaylyn Mintz,Ohio State (Big Ten),BB,1000.0
Kelsey Lee,Georgia (SEC),BB,1000.0
Kendall Abney,Michigan State (Big Ten),BB,1000.0
Kendall Landry,Minnesota (Big Ten),BB,1000.0
Kendall McGuire,Southern Utah (WAC),BB,1000.0
Kerrington Baham,Ohio State (Big Ten),BB,1000.0
Kielyn McCright,Clemson (ACC),BB,1000.0
Kiley Rorich,Denver (Big 12),BB,1000.0
Kimberly Smith,Arizona State (Big 12),BB,1000.0
Kira Bolden,Washington (Big Ten),BB,1000.0
Kristin Lin,Washington (Big Ten),BB,1000.0
Kristina Shchennikova,Boise State (Mountain West Conference),BB,1000.0
Kyen Mayhew,California (ACC),BB,1000.0
Kylie Minard,Missouri (SEC),BB,1000.0
Kyra Burns,Missouri (SEC),BB,1000.0
Lali Dekanoidze,North Carolina (ACC),BB,1000.0
Lana Navarro,Washington (Big Ten),BB,1000.0
Lauren Brendlinger,Maryland (Big Ten),BB,1000.0
Lauren Hsu,Michigan State (Big Ten),BB,1000.0
Lauren Rutherford,Clemson (ACC),BB,1000.0
Layla Hammer,Maryland (Big Ten),BB,1000.0
Leah Gonsiorowski,Minnesota (Big Ten),BB,1000.0
Leah Miller,LSU (SEC),BB,1000.0
Leah Smith,Arkansas (SEC),BB,1000.0
Levi Jung-Ruivivar,Stanford (ACC),BB,1000.0
Lexi Zeiss,LSU (SEC),BB,1000.0
Lilia Purler,Arizona State (Big 12),BB,1000.0
Lilly Hudson,Alabama (SEC),BB,1000.0
Lilly Timmerman,Minnesota (Big Ten),BB,1000.0
Lilly Tubbs,Washington (Big Ten),BB,1000.0
Lily Bruce,Florida (SEC),BB,1000.0
Lily Kurrack,Clemson (ACC),BB,1000.0
Lindsay Bacheler,Maryland (Big Ten),BB,1000.0
Lisa Szeibert,Missouri (SEC),BB,1000.0
Logan Buckmon,Maryland (Big Ten),BB,1000.0
Lori Brubach,Florida (SEC),BB,1000.0
Lucie Kirchner,Michigan (Big Ten),BB,1000.0
Lucy Stanhope,Nebraska (Big Ten),BB,1000.0
Mackenzie Kelly,Southern Utah (WAC),BB,1000.0
Macy Jennings,NC State (ACC),BB,1000.0
Maddie Jones,Arkansas (SEC),BB,1000.0
Maddie Komorosk,Maryland (Big Ten),BB,1000.0
Maddison Reidenbach,Denver (Big 12),BB,1000.0
Madison Minner,Clemson (ACC),BB,1000.0
Maggie Holman,Clemson (ACC),BB,1000.0
Maggie Murphy,Maryland (Big Ten),BB,1000.0
Maggie Slife,Air Force (Mountain West),BB,1000.0
Makayla Green,Illinois (Big Ten),BB,1000.0
Makenzie Wilson,Kentucky (SEC),BB,1000.0
Mallory Gregory,Ohio State (Big Ten),BB,1000.0
Maria Ferguson,Southern Utah (WAC),BB,1000.0
Marisa Fisher,Minnesota (Big Ten),BB,1000.0
Marissa Jencks,Minnesota (Big Ten),BB,1000.0
Marissa Neal,Auburn (SEC),BB,1000.0
Marly Esteves,Illinois (Big Ten),BB,1000.0
Mary Green,Ohio State (Big Ten),BB,1000.0
Mary McDonough,Washington (Big Ten),BB,1000.0
McCauley Harrington,Minnesota (Big Ten),BB,1000.0
McClaine Daigle,Arizona State (Big 12),BB,1000.0
McKenna Carnesi,Washington (Big Ten),BB,1000.0
Megan Sapp,Illinois (Big Ten),BB,1000.0
Megan Steensland,Minnesota (Big Ten),BB,1000.0
Meika Lee,Pittsburgh (ACC),BB,1000.0
Mia Erdoes,UCLA (Big Ten),BB,1000.0
Mia Heather,Oregon State (Pac-12),BB,1000.0
Mika Webster-Longin,UCLA (Big Ten),BB,1000.0
Mila Brusch,Denver (Big 12),BB,1000.0
Molly Arnold,Clemson (ACC),BB,1000.0
Morgan Walsh,Minnesota (Big Ten),BB,1000.0
Mya Gordon,Illinois (Big Ten),BB,1000.0
Mya Hooten,Minnesota (Big Ten),BB,1000.0
Mya North,Southern Utah (WAC),BB,1000.0
Mya Wiley,California (ACC),BB,1000.0
Natalia Pawlak,Alabama (SEC),BB,1000.0
Natalie Briones,Oregon State (Pac-12),BB,1000.0
Natalie Martin,Maryland (Big Ten),BB,1000.0
Natalie Thomas,George Washington (Atlantic 10 Conference),BB,1000.0
Naya Howard,Georgia (SEC),BB,1000.0
Nicole King,Georgia (SEC),BB,1000.0
Nicollette Crochet,Maryland (Big Ten),BB,1000.0
Noelle Adams,Iowa State (Big 12),BB,1000.0
Noelle Ball,Boise State (Mountain West Conference),BB,1000.0
Nyla Aquino,Georgia (SEC),BB,1000.0
Olivia Childs,Arizona (Big 12),BB,1000.0
Olivia Dunne,LSU (SEC),BB,1000.0
Olivia Greaves,Auburn (SEC),BB,1000.0
Olivia Kennedy,Utah (Big 12),BB,1000.0
Olivia Oppegard,Washington (Big Ten),BB,1000.0
Olivia VanHorn,University of Pennsylvania (Ivy League),BB,1000.0
Olivia Yarussi,Penn State (Big Ten),BB,1000.0
Olivia Zsarmani,Michigan State (Big Ten),BB,1000.0
Ondine Achampong,California (ACC),BB,1000.0
Paige Anastasi,UCLA (Big Ten),BB,1000.0
Paige Thaxton,Michigan (Big Ten),BB,1000.0
Porsche Trinidad,Stanford (ACC),BB,1000.0
Quinn Kuhl,Clemson (ACC),BB,1000.0
Rachel Rybicki,Alabama (SEC),BB,1000.0
Rayna Engelmayer,Maryland (Big Ten),BB,1000.0
Reagan Sams,Ohio State (Big Ten),BB,1000.0
Reese Baechle,Nebraska (Big Ten),BB,1000.0
Reese Baker,Nebraska (Big Ten),BB,1000.0
Reese Drotar,Arkansas (SEC),BB,1000.0
Reese Wilson,Iowa (Big Ten),BB,1000.0
Regan McBride,North Carolina (ACC),BB,1000.0
Reina Marchal,Oregon State (Pac-12),BB,1000.0
Rhea Leblanc,Maryland (Big Ten),BB,1000.0
Riley Jenkins,UCLA (Big Ten),BB,1000.0
Riley McCusker,Florida (SEC),BB,1000.0
Ryan Noonan,Kentucky (SEC),BB,1000.0
Rylee Guevara,Ohio State (Big Ten),BB,1000.0
Sadie Smith,Arkansas (SEC),BB,1000.0
Sage Kellerman,Michigan State (Big Ten),BB,1000.0
Sage Melkonian,California (ACC),BB,1000.0
Sage Paladino,Southern Utah (WAC),BB,1000.0
Sage Thompson,Oregon State (Pac-12),BB,1000.0
Samantha Schneider,Minnesota (Big Ten),BB,1000.0
Samara Buchanan,Ohio State (Big Ten),BB,1000.0
Sara Hubbard,Auburn (SEC),BB,1000.0
Sarah Krump,Utah (Big 12),BB,1000.0
Sarah Saville,Maryland (Big Ten),BB,1000.0
Savannah Miller,Oregon State (Pac-12),BB,1000.0
Seria Johnson,Minnesota (Big Ten),BB,1000.0
Shani Sirota,Maryland (Big Ten),BB,1000.0
Sharon Lee,Kentucky (SEC),BB,1000.0
Sidney Fitzgerald,Georgia (SEC),BB,1000.0
Sidney Washington,Ohio State (Big Ten),BB,1000.0
Sierra Kondo,Maryland (Big Ten),BB,1000.0
Skye Blakely,Florida (SEC),BB,1000.0
Sophia Bell,Auburn (SEC),BB,1000.0
Sophia Greaves,Auburn (SEC),BB,1000.0
Sophia Kaloudis,Oregon State (Pac-12),BB,1000.0
Sophia Maisel,Arizona (Big 12),BB,1000.0
Sophia Nguyen,Minnesota (Big Ten),BB,1000.0
Sophia Rice,West Virginia (Big 12),BB,1000.0
Sophia Stephens,Arizona (Big 12),BB,1000.0
Sophie Derr,Arizona (Big 12),BB,1000.0
Sophie Hampp,Denver (Big 12),BB,1000.0
Sophie Swartzmiller,Minnesota (Big Ten),BB,1000.0
Stephanie Lebster,Michigan State (Big Ten),BB,1000.0
Suki Pfister,Ball State (MAC),BB,1000.0
Sydney Barros,UCLA (Big Ten),BB,1000.0
Sydney Schumaker,Auburn (SEC),BB,1000.0
Sydney Turner,Iowa (Big Ten),BB,1000.0
Sydney Wilke,Illinois (Big Ten),BB,1000.0
Syniya Thomas,NC State (ACC),BB,1000.0
TaeLyn Canty,North Carolina (ACC),BB,1000.0
Taeva Greenberg,BYU (Big 12),BB,1000.0
Takoda Berry,Clemson (ACC),BB,1000.0
Tara Walsh,Clemson (ACC),BB,1000.0
Tasha Brozowski,Maryland (Big Ten),BB,1000.0
Taylor Clark,Florida (SEC),BB,1000.0
Taylor DeVries,Oregon State (Pac-12),BB,1000.0
Taylor Gull,Southern Utah (WAC),BB,1000.0
Taylor Rech,Maryland (Big Ten),BB,1000.0
Taylor Tuohy,West Virginia (Big 12),BB,1000.0
Teagan White,Arizona (Big 12),BB,1000.0
Thu Nguyen,Washington (Big Ten),BB,1000.0
Tirzah Wise,Arizona (Big 12),BB,1000.0
Tori Tatum,LSU (SEC),BB,1000.0
Tory Vetter,Ohio State (Big Ten),BB,1000.0
Trinity Brown,Clemson (ACC),BB,1000.0
Trinity Webb,Clemson (ACC),BB,1000.0
Trista Goodman,Southern Utah (WAC),BB,1000.0
Ui Soma,Stanford (ACC),BB,1000.0
Victoria Cluck,Stanford (ACC),BB,1000.0
Victoria Gatzendorfer,Maryland (Big Ten),BB,1000.0
Victoria Roberts,LSU (SEC),BB,1000.0
Zoe Johnson,Utah (Big 12),BB,1000.0
Zoe Middleton,Ball State (MAC),BB,1000.0
Zoe Miller,LSU (SEC),BB,1000.0
Zoe Safran,George Washington (Atlantic 10 Conference),BB,1000.0
Adeline Kenlin,Iowa (Big Ten),FX,6250.0
Amari Drayton,LSU (SEC),FX,6250.0
Brooklyn Moors,UCLA (Big Ten),FX,6250.0
Carly Bauman,Michigan (Big Ten),FX,6250.0
Creslyn Brose,Kentucky (SEC),FX,6250.0
Emily Innes,Washington (Big Ten),FX,6250.0
Faith Torrez,Oklahoma (SEC),FX,6250.0
Frankie Price,Arkansas (SEC),FX,6250.0
Gabby Gladieux,Alabama (SEC),FX,6250.0
Grace McCallum,Utah (Big 12),FX,6250.0
Hailey Davis,Kentucky (SEC),FX,6250.0
Haleigh Bryant,LSU (SEC),FX,6250.0
Jade Carey,Oregon State (Pac-12),FX,6250.0
Jerquavia Henderson,Iowa (Big Ten),FX,6250.0
Jocelyn Moore,Missouri (SEC),FX,6250.0
Jordan Bowers,Oklahoma (SEC),FX,6250.0
Jordan Chiles,UCLA (Big Ten),FX,6250.0
KJ Johnson,LSU (SEC),FX,6250.0
Kailin Chio,LSU (SEC),FX,6250.0
Kayla DiCello,Florida (SEC),FX,6250.0
Konnor McClain,LSU (SEC),FX,6250.0
Lauren Williams,Arkansas (SEC),FX,6250.0
Leanne Wong,Florida (SEC),FX,6250.0
Lilly Hudson,Alabama (SEC),FX,6250.0
Makenna Smith,Utah (Big 12),FX,6250.0
Mya Hooten,Minnesota (Big Ten),FX,6250.0
Mya Lauzon,California (ACC),FX,6250.0
Payton Harris,Ohio State (Big Ten),FX,6250.0
Selena Harris-Miranda,Florida (SEC),FX,6250.0
Skyla Schulte,Michigan State (Big Ten),FX,6250.0
Abbie Thompson,Denver (Big 12),FX,5000.0
Amari Celestine,Missouri (SEC),FX,5000.0
Anna Roberts,Stanford (ACC),FX,5000.0
Anya Pilgrim,Florida (SEC),FX,5000.0
Audrey Davis,Oklahoma (SEC),FX,5000.0
Avery Neff,Utah (Big 12),FX,5000.0
Cameron Machado,Alabama (SEC),FX,5000.0
Chae Campbell,UCLA (Big Ten),FX,5000.0
Chloe Cho,Illinois (Big Ten),FX,5000.0
Chloe LaCoursiere,Alabama (SEC),FX,5000.0
Chloe Negrete,NC State (ACC),FX,5000.0
Danae Fletcher,Oklahoma (SEC),FX,5000.0
Elena Deets,Arizona (Big 12),FX,5000.0
Elise Tisler,Missouri (SEC),FX,5000.0
Ella Cesario,California (ACC),FX,5000.0
Ellie Lazzari,Florida (SEC),FX,5000.0
Ellie Weaver,Oregon State (Pac-12),FX,5000.0
Emily White,Arizona State (Big 12),FX,5000.0
Emma Malabuyo,UCLA (Big Ten),FX,5000.0
Emma Spence,Nebraska (Big Ten),FX,5000.0
Gabrielle Stephen,Michigan State (Big Ten),FX,5000.0
Halle Gregoire,Arizona State (Big 12),FX,5000.0
Haylee Hardin,Iowa State (Big 12),FX,5000.0
Holly Snyder,Georgia (SEC),FX,5000.0
Jamison Sears,Alabama (SEC),FX,5000.0
Jaylene Gilstrap,Utah (Big 12),FX,5000.0
Jillian Procasky,Kentucky (SEC),FX,5000.0
Jordan Kane,California (ACC),FX,5000.0
Joscelyn Roberson,Arkansas (SEC),FX,5000.0
Katelyn Rosen,UCLA (Big Ten),FX,5000.0
Kaylee Bluffstone,Florida (SEC),FX,5000.0
Kennedy Griffin,Missouri (SEC),FX,5000.0
Lauren Rutherford,Clemson (ACC),FX,5000.0
Leah Smith,Arkansas (SEC),FX,5000.0
Lily Pederson,Oklahoma (SEC),FX,5000.0
Lily Smith,Georgia (SEC),FX,5000.0
Lori Brubach,Florida (SEC),FX,5000.0
Macy McGowan,UCLA (Big Ten),FX,5000.0
Maddie Komorosk,Maryland (Big Ten),FX,5000.0
Madelyn Williams,California (ACC),FX,5000.0
Maggie Slife,Air Force (Mountain West),FX,5000.0
Makenzie Wilson,Kentucky (SEC),FX,5000.0
Mati Waligora,Arkansas (SEC),FX,5000.0
Momoko Iwai,Denver (Big 12),FX,5000.0
Olivia Dunne,LSU (SEC),FX,5000.0
Olivia Hollingsworth,Auburn (SEC),FX,5000.0
Olivia Kelly,Missouri (SEC),FX,5000.0
Reyna Guggino,Michigan (Big Ten),FX,5000.0
Rosie Casali,Denver (Big 12),FX,5000.0
Rylee Guevara,Ohio State (Big Ten),FX,5000.0
Sophia Groth,Auburn (SEC),FX,5000.0
Sophia McClelland,Nebraska (Big Ten),FX,5000.0
Tory Vetter,Ohio State (Big Ten),FX,5000.0
Zoe Johnson,Utah (Big 12),FX,5000.0
Addison Fatta,Oklahoma (SEC),FX,4000.0
Alana Walker,Stanford (ACC),FX,4000.0
Amani Herring,Penn State (Big Ten),FX,4000.0
Anna Leigh,West Virginia (Big 12),FX,4000.0
Ashley Glynn,Utah (Big 12),FX,4000.0
Ashley Knight,NC State (ACC),FX,4000.0
Bella Misiura,Penn State (Big Ten),FX,4000.0
Bella Salcedo,Penn State (Big Ten),FX,4000.0
Brie Clark,Clemson (ACC),FX,4000.0
Camie Winger,Utah (Big 12),FX,4000.0
Cecilia Cooley,Denver (Big 12),FX,4000.0
Csenge Bácskay,Georgia (SEC),FX,4000.0
Danie Ferris,Florida (SEC),FX,4000.0
Elle Mueller,Oklahoma (SEC),FX,4000.0
Ellie Cacciola,Southern Utah (WAC),FX,4000.0
Emily Koch,Minnesota (Big Ten),FX,4000.0
Emily Lee,UCLA (Big Ten),FX,4000.0
Emma Strom,Arizona (Big 12),FX,4000.0
Emmalise Nock,Illinois (Big Ten),FX,4000.0
Gabby McLaughlin,Auburn (SEC),FX,4000.0
Hannah Horton,Missouri (SEC),FX,4000.0
Harlyn Tomlin,Georgia (SEC),FX,4000.0
Jacey Vore,Michigan (Big Ten),FX,4000.0
Jada Mangahas,Arizona State (Big 12),FX,4000.0
Jahzara Ranger,Michigan (Big Ten),FX,4000.0
Jenna Mulligan,Michigan (Big Ten),FX,4000.0
Jenna Rusk,NC State (ACC),FX,4000.0
Kaitlin Garcia,Oregon State (Pac-12),FX,4000.0
Kalea McElligott,Penn State (Big Ten),FX,4000.0
Kara Eaker,Georgia (SEC),FX,4000.0
Karlie Chavez,Oregon State (Pac-12),FX,4000.0
Kathryn Weilbacher,LSU (SEC),FX,4000.0
Kayli Boozer,Michigan (Big Ten),FX,4000.0
Kaylyn Mintz,Ohio State (Big Ten),FX,4000.0
Kyen Mayhew,California (ACC),FX,4000.0
Lana Navarro,Washington (Big Ten),FX,4000.0
Lauren Macpherson,Missouri (SEC),FX,4000.0
Lauren Pearl,Minnesota (Big Ten),FX,4000.0
Lucy Stanhope,Nebraska (Big Ten),FX,4000.0
MaKayla Tucker,Michigan State (Big Ten),FX,4000.0
Maddie Jones,Arkansas (SEC),FX,4000.0
Maddison Reidenbach,Denver (Big 12),FX,4000.0
Madison Ulrich,Denver (Big 12),FX,4000.0
Mia Hampton,Southern Utah (WAC),FX,4000.0
Natalie Briones,Oregon State (Pac-12),FX,4000.0
Nikki Smith,Michigan State (Big Ten),FX,4000.0
Nyla Aquino,Georgia (SEC),FX,4000.0
Paige Thaxton,Michigan (Big Ten),FX,4000.0
Poppy-Grace Stickler,Utah (Big 12),FX,4000.0
Priscilla Park,Arkansas (SEC),FX,4000.0
Rylie Mundell,Denver (Big 12),FX,4000.0
Sage Thompson,Oregon State (Pac-12),FX,4000.0
Sarah Clark,Arizona State (Big 12),FX,4000.0
Seria Johnson,Minnesota (Big Ten),FX,4000.0
Shania Adams,Alabama (SEC),FX,4000.0
Sidney Fitzgerald,Georgia (SEC),FX,4000.0
Sienna Robinson,Stanford (ACC),FX,4000.0
Skylar Draser,Florida (SEC),FX,4000.0
Sophia Bell,Auburn (SEC),FX,4000.0
Sophia Esposito,Oregon State (Pac-12),FX,4000.0
Suki Pfister,Ball State (MAC),FX,4000.0
Sydney Gonzales,Oregon State (Pac-12),FX,4000.0
Taralyn Nguyen,Stanford (ACC),FX,4000.0
eMjae Frazier,California (ACC),FX,4000.0
Abby Mueller,Missouri (SEC),FX,3000.0
Abigayle Martin,Arizona (Big 12),FX,3000.0
Ady Wahl,Georgia (SEC),FX,3000.0
Aleah Finnegan,LSU (SEC),FX,3000.0
Alex Irvine,Auburn (SEC),FX,3000.0
Alexa Rothenbuescher,Maryland (Big Ten),FX,3000.0
Alyssa Guns,Kent State (MAC),FX,3000.0
Ava Piedrahita,Penn State (Big Ten),FX,3000.0
Brenna Neault,Stanford (ACC),FX,3000.0
Brooke Dennis,Alabama (SEC),FX,3000.0
Brynlee Andersen,BYU (Big 12),FX,3000.0
CJ Keuneke,California (ACC),FX,3000.0
Caitlin McWilliams,Washington (Big Ten),FX,3000.0
Claire Dean,Stanford (ACC),FX,3000.0
Deborah Silva,BYU (Big 12),FX,3000.0
Delaney Adrian,Rutgers (Big Ten),FX,3000.0
Delanie Harkness,Michigan State (Big Ten),FX,3000.0
Delaynee Rodriguez,Kentucky (SEC),FX,3000.0
Ella Tashjian,Yale (Ivy),FX,3000.0
Ella Zirbes,Utah (Big 12),FX,3000.0
Emily Mueller,Arizona (Big 12),FX,3000.0
Eryn Williams,Georgia (SEC),FX,3000.0
Hailey Klein,Arkansas (SEC),FX,3000.0
Isabella Magnelli,Kentucky (SEC),FX,3000.0
JJ Coleman,Ohio State (Big Ten),FX,3000.0
Jaye Mack,Illinois State (MIC),FX,3000.0
Jordyn Ewing,Pittsburgh (ACC),FX,3000.0
Julia Knower,North Carolina (ACC),FX,3000.0
Kaitlyn Ewald,Arkansas (SEC),FX,3000.0
Kaitlyn Grimes,Ohio State (Big Ten),FX,3000.0
Kalyxta Gamiao,Arkansas (SEC),FX,3000.0
Karina Munoz,Iowa (Big Ten),FX,3000.0
Katelyn Jong,Auburn (SEC),FX,3000.0
Kendall Whitman,George Washington (Atlantic 10 Conference),FX,3000.0
Kimberly Smith,Arizona State (Big 12),FX,3000.0
Kylee Kvamme,Alabama (SEC),FX,3000.0
Lilia Purler,Arizona State (Big 12),FX,3000.0
Ly Bui,Florida (SEC),FX,3000.0
Marissa Jencks,Minnesota (Big Ten),FX,3000.0
McCauley Harrington,Minnesota (Big Ten),FX,3000.0
Megan Steensland,Minnesota (Big Ten),FX,3000.0
Morgan Price,Fisk (GCAC),FX,3000.0
Natalie Martin,Maryland (Big Ten),FX,3000.0
Noelle Adams,Iowa State (Big 12),FX,3000.0
Nya Kraus,Nebraska (Big Ten),FX,3000.0
Olivia Greaves,Auburn (SEC),FX,3000.0
Rayna Light,Missouri (SEC),FX,3000.0
Rebecca Wells,Clemson (ACC),FX,3000.0
Rhea Leblanc,Maryland (Big Ten),FX,3000.0
Riley Jenkins,UCLA (Big Ten),FX,3000.0
Sarah Zois,Auburn (SEC),FX,3000.0
Savannah Miller,Oregon State (Pac-12),FX,3000.0
Sidney Washington,Ohio State (Big Ten),FX,3000.0
Sierra Ballard,LSU (SEC),FX,3000.0
Sophia Diaz,Michigan (Big Ten),FX,3000.0
Taylor Clark,Florida (SEC),FX,3000.0
Taylor Gull,Southern Utah (WAC),FX,3000.0
Victoria Cluck,Stanford (ACC),FX,3000.0
Victoria Nguyen,Florida (SEC),FX,3000.0
Zoe Middleton,Ball State (MAC),FX,3000.0
Addilyn Glazier,BYU (Big 12),FX,2000.0
Addison Hewitt,Maryland (Big Ten),FX,2000.0
Allison Kaempfer,Penn State (Big Ten),FX,2000.0
Alysen Fears,Arizona (Big 12),FX,2000.0
Alyssa Fernandez,Southern Utah (WAC),FX,2000.0
Alyssa Orgen,Kentucky (SEC),FX,2000.0
Amy Doyle,Michigan State (Big Ten),FX,2000.0
Anna Flynn Cashion,Kentucky (SEC),FX,2000.0
Arielle Ward,Illinois (Big Ten),FX,2000.0
Aubrey Krohnfeldt,Arizona (Big 12),FX,2000.0
Audrey Sanger,Michigan (Big Ten),FX,2000.0
Ava Myers,NC State (ACC),FX,2000.0
Ayla Acevedo,Missouri (SEC),FX,2000.0
Bridget Kemp,Boise State (Mountain West Conference),FX,2000.0
Brinlee Christensen,Southern Utah (WAC),FX,2000.0
Brooke Gleichowski,Georgia (SEC),FX,2000.0
Cadence Goldberg,Kentucky (SEC),FX,2000.0
Chesney Bennett,Kentucky (SEC),FX,2000.0
Danika Nielsen,Clemson (ACC),FX,2000.0
Delaney Reeves,Boise State (Mountain West Conference),FX,2000.0
Eden King,Illinois (Big Ten),FX,2000.0
Elizabeth Larusso,Arizona (Big 12),FX,2000.0
Elle Beaufait,Michigan State (Big Ten),FX,2000.0
Ellie Monahan,Penn State (Big Ten),FX,2000.0
Emerson Smith,West Virginia (Big 12),FX,2000.0
Emily Pires,Washington (Big Ten),FX,2000.0
Emma Mason,Georgia (SEC),FX,2000.0
Emma Nipper,Southern Utah (WAC),FX,2000.0
Eve Jackson,Clemson (ACC),FX,2000.0
Guilianna Fiorillo,Oregon State (Pac-12),FX,2000.0
Halle Braaflat,Georgia (SEC),FX,2000.0
Hannah Hagle,Auburn (SEC),FX,2000.0
Jaedyn Rucker,Utah (Big 12),FX,2000.0
Jessica Reith,Washington (Big Ten),FX,2000.0
Jordan Valahovic,North Carolina (ACC),FX,2000.0
Julianne Huff,Auburn (SEC),FX,2000.0
Kaelyn Skeel,West Virginia (Big 12),FX,2000.0
Karleigh DiCello,West Virginia (Big 12),FX,2000.0
Karleigh Reutzel,Ohio State (Big Ten),FX,2000.0
Kelsey Slade,Oklahoma (SEC),FX,2000.0
Kendra Chang,Stanford (ACC),FX,2000.0
Kristina Shchennikova,Boise State (Mountain West Conference),FX,2000.0
Kyla Petrocci,NC State (ACC),FX,2000.0
Leah Gonsiorowski,Minnesota (Big Ten),FX,2000.0
Lilly Lippeatt,Clemson (ACC),FX,2000.0
Love Birt,Alabama (SEC),FX,2000.0
Maddie Johnston,Penn State (Big Ten),FX,2000.0
Madison Minner,Clemson (ACC),FX,2000.0
Maggie Murphy,Maryland (Big Ten),FX,2000.0
Marly Esteves,Illinois (Big Ten),FX,2000.0
Meika Lee,Pittsburgh (ACC),FX,2000.0
Mika Webster-Longin,UCLA (Big Ten),FX,2000.0
Mya Gordon,Illinois (Big Ten),FX,2000.0
Mya Wiley,California (ACC),FX,2000.0
Niya Randolph,Southern Utah (WAC),FX,2000.0
Olivia Ahern,Auburn (SEC),FX,2000.0
Peyton Davis,Michigan (Big Ten),FX,2000.0
Rayna Engelmayer,Maryland (Big Ten),FX,2000.0
Reagan Sams,Ohio State (Big Ten),FX,2000.0
Regan McBride,North Carolina (ACC),FX,2000.0
Reina Marchal,Oregon State (Pac-12),FX,2000.0
Ryan Fuller,Alabama (SEC),FX,2000.0
Sadie Jane Berry,Georgia (SEC),FX,2000.0
Samantha Schneider,Minnesota (Big Ten),FX,2000.0
Sasha Fujisaka,UCLA (Big Ten),FX,2000.0
Sophia Kaloudis,Oregon State (Pac-12),FX,2000.0
Sophia Rice,West Virginia (Big 12),FX,2000.0
Sophie Hampp,Denver (Big 12),FX,2000.0
Sophie Parenti,Michigan (Big Ten),FX,2000.0
TaeLyn Canty,North Carolina (ACC),FX,2000.0
Taeva Greenberg,BYU (Big 12),FX,2000.0
Taylor Rech,Maryland (Big Ten),FX,2000.0
Taylor Tuohy,West Virginia (Big 12),FX,2000.0
Teryn Crump,Minnesota (Big Ten),FX,2000.0
Thu Nguyen,Washington (Big Ten),FX,2000.0
Tiara Platkin,Arizona State (Big 12),FX,2000.0
Abbey Scanlon,California (ACC),FX,1000.0
Aberdeen O'Driscoll,Georgia (SEC),FX,1000.0
Abigail Bednar,Kentucky (SEC),FX,1000.0
Addison Lawrence,Missouri (SEC),FX,1000.0
Addisyn Hurley Snow,Oklahoma (SEC),FX,1000.0
Ainsley Greever,Arizona (Big 12),FX,1000.0
Alex Routsis,Southern Utah (WAC),FX,1000.0
Alex Theodorou,Arizona State (Big 12),FX,1000.0
Alexa Chuy,George Washington (Atlantic 10 Conference),FX,1000.0
Alexia Mouyenga,Washington (Big Ten),FX,1000.0
Alexis Czarrunchick,Georgia (SEC),FX,1000.0
Alexis Jeffrey,LSU (SEC),FX,1000.0
Alyona Shchennikova,LSU (SEC),FX,1000.0
Alyssa Arana,Florida (SEC),FX,1000.0
Alyssa Kramer,Penn State (Big Ten),FX,1000.0
Amanda Hargraves,Denver (Big 12),FX,1000.0
Amelia Rieder,Southern Utah (WAC),FX,1000.0
Amelia Rock,Arizona (Big 12),FX,1000.0
Amelie Morgan,Utah (Big 12),FX,1000.0
Amy Fukami,Michigan (Big Ten),FX,1000.0
Amy Wier,Missouri (SEC),FX,1000.0
Ana Padurariu,Utah (Big 12),FX,1000.0
Anahit Assadourian,Minnesota (Big Ten),FX,1000.0
Anapaula Gutierrez,Stanford (ACC),FX,1000.0
Anaya Smith,Georgia (SEC),FX,1000.0
Anna Hill,Auburn (SEC),FX,1000.0
Annalise Newman-Achee,California (ACC),FX,1000.0
Annie Beard,LSU (SEC),FX,1000.0
Anya Turner,Georgia (SEC),FX,1000.0
Ashley Carter,Stanford (ACC),FX,1000.0
Ashley Cowan,LSU (SEC),FX,1000.0
Ashley Gallen,Denver (Big 12),FX,1000.0
Ashley Maul,Penn State (Big Ten),FX,1000.0
Ashley Szymanski,Ball State (MAC),FX,1000.0
Ashlyn Doyle,Illinois (Big Ten),FX,1000.0
Ashton Meuret,Ohio State (Big Ten),FX,1000.0
Aspen Lenczner,Oklahoma (SEC),FX,1000.0
Asta Farrell,Michigan State (Big Ten),FX,1000.0
Aurélie Tran,Iowa (Big Ten),FX,1000.0
Ava Jordan,Michigan (Big Ten),FX,1000.0
Ava Mabanta,Denver (Big 12),FX,1000.0
Ava Siegfeldt,Oklahoma (SEC),FX,1000.0
Ava Sorrento,Stanford (ACC),FX,1000.0
Ava Stewart,Minnesota (Big Ten),FX,1000.0
Bella Ferraccio,Maryland (Big Ten),FX,1000.0
Bella Mabanta,Denver (Big 12),FX,1000.0
Bella O'Bryant,NC State (ACC),FX,1000.0
Bri Edwards,Florida (SEC),FX,1000.0
Brianna Taurek,California (ACC),FX,1000.0
Brinley Kitchen,Southern Utah (WAC),FX,1000.0
Bronwyn Hoffman,UCLA (Big Ten),FX,1000.0
Brooklyn Rowray,Minnesota (Big Ten),FX,1000.0
Bryce Wilson,LSU (SEC),FX,1000.0
Bryn Bartman,Auburn (SEC),FX,1000.0
Cadence Gormley,Kentucky (SEC),FX,1000.0
Cady Duplissis,Michigan State (Big Ten),FX,1000.0
Caitlin Smith,Oklahoma (SEC),FX,1000.0
Cally Swaney,Arkansas (SEC),FX,1000.0
Cameron Smith,Ohio State (Big Ten),FX,1000.0
Cami Weaver,Arkansas (SEC),FX,1000.0
Caralia Martinez,Southern Utah (WAC),FX,1000.0
Carissa Clay,UCLA (Big Ten),FX,1000.0
Carley Beeman,Oregon State (Pac-12),FX,1000.0
Carly Busch,Kentucky (SEC),FX,1000.0
Caroline Leonard,Auburn (SEC),FX,1000.0
Caroline Lichtman,Arizona State (Big 12),FX,1000.0
Caroline Volk,NC State (ACC),FX,1000.0
Casey Brown,California (ACC),FX,1000.0
Cassi Barbanente,Penn State (Big Ten),FX,1000.0
Cassie Lee,Iowa (Big Ten),FX,1000.0
Cecily Rizo,Kentucky (SEC),FX,1000.0
Chandler Buntin,Arkansas (SEC),FX,1000.0
Chase Brock,LSU (SEC),FX,1000.0
Chavala Shepard,Arizona State (Big 12),FX,1000.0
Chelsea Hallinan,Washington (Big Ten),FX,1000.0
Chiara Andrew,BYU (Big 12),FX,1000.0
Chloe Seaga,Arizona State (Big 12),FX,1000.0
Ciena Alipio,UCLA (Big Ten),FX,1000.0
Claire Stippich,North Carolina (ACC),FX,1000.0
Clara Raposo,Utah (Big 12),FX,1000.0
Clara Wren,UCLA (Big Ten),FX,1000.0
Corinne Bunagan,Alabama (SEC),FX,1000.0
Courtney McCann,Ohio State (Big Ten),FX,1000.0
Courtney Woods,Missouri (SEC),FX,1000.0
Daisy Stephenson,BYU (Big 12),FX,1000.0
Dakota Essenpries,Arkansas (SEC),FX,1000.0
Danielle Latronica,Penn State (Big Ten),FX,1000.0
Danielle Sievers,Oklahoma (SEC),FX,1000.0
Deiah Moody,Washington (Big Ten),FX,1000.0
Eden Webster,West Virginia (Big 12),FX,1000.0
Elina Vihrova,Penn State (Big Ten),FX,1000.0
Elizabeth Blessey,Oklahoma (SEC),FX,1000.0
Elizabeth Gantner,Utah (Big 12),FX,1000.0
Elizabeth Leary,Penn State (Big Ten),FX,1000.0
Ellie Thomson,Southern Utah (WAC),FX,1000.0
Elliot Bringhurst,Southern Utah (WAC),FX,1000.0
Emily Countryman,Southern Utah (WAC),FX,1000.0
Emily Lopez,Boise State (Mountain West Conference),FX,1000.0
Emily Plone,Southern Utah (WAC),FX,1000.0
Emma Grace Boyd,Auburn (SEC),FX,1000.0
Emma Misenheimer,Michigan State (Big Ten),FX,1000.0
Emma Schrady,Washington (Big Ten),FX,1000.0
Farah Lipetz,Michigan (Big Ten),FX,1000.0
Faye Rodio,Alabama (SEC),FX,1000.0
Francesca Caso,Oregon State (Pac-12),FX,1000.0
Frida Esparza,UCLA (Big Ten),FX,1000.0
Gabbie Gallentine,Penn State (Big Ten),FX,1000.0
Gabby Disidore,Florida (SEC),FX,1000.0
Gabby Ladanyi,Alabama (SEC),FX,1000.0
Gabi Ortiz,Michigan State (Big Ten),FX,1000.0
Genevieve Lebster,Michigan State (Big Ten),FX,1000.0
Giana Kalefe,Michigan State (Big Ten),FX,1000.0
Gianna Lenczner,Arizona (Big 12),FX,1000.0
Gianna Ruffing,Maryland (Big Ten),FX,1000.0
Grace Anne Davis,Missouri (SEC),FX,1000.0
Grace Drexler,Arkansas (SEC),FX,1000.0
Grace Lacrosse,Clemson (ACC),FX,1000.0
Grace Walker,Ohio State (Big Ten),FX,1000.0
Gracie Long,BYU (Big 12),FX,1000.0
Hailey Merchant,Maryland (Big Ten),FX,1000.0
Haleigh Gibble,Penn State (Big Ten),FX,1000.0
Hallie Copperwheat,Pitt (ACC),FX,1000.0
Hannah Clark,Clemson (ACC),FX,1000.0
Hannah Scheible,Oklahoma (SEC),FX,1000.0
Haylen Zabrowski,Michigan (Big Ten),FX,1000.0
Heather Parker,Georgia (SEC),FX,1000.0
Helen Hu,Missouri (SEC),FX,1000.0
Ilka Juk,Iowa (Big Ten),FX,1000.0
Isabella Kowan,Arizona State (Big 12),FX,1000.0
Isabella Minervini,Towson (CAA),FX,1000.0
Isabella Neff,Southern Utah (WAC),FX,1000.0
Isabella Rivelli,Kentucky (SEC),FX,1000.0
Isabella Trostel,Michigan State (Big Ten),FX,1000.0
Ja'Leigh Lang,Arkansas (SEC),FX,1000.0
JaFree Scott,Georgia (SEC),FX,1000.0
Jaime Dugan,Stanford (ACC),FX,1000.0
Jaime Pratt,Pittsburgh (ACC),FX,1000.0
Jayda Lewter,Minnesota (Big Ten),FX,1000.0
Jaydah Battle,Georgia (SEC),FX,1000.0
Jayden Silvers,California (ACC),FX,1000.0
Jenna Blair,Arizona State (Big 12),FX,1000.0
Jenna Olshefski,Minnesota (Big Ten),FX,1000.0
Jenna Timmons,Arizona State (Big 12),FX,1000.0
Jennifer McMillan,Oregon State (Pac-12),FX,1000.0
Jersie Woolsey,Auburn (SEC),FX,1000.0
Jessa Conedera,Missouri (SEC),FX,1000.0
Jessica Janicke,Arizona (Big 12),FX,1000.0
Jessica Johanson,Penn State (Big Ten),FX,1000.0
Jessica Naranjo,North Carolina (ACC),FX,1000.0
Jillian Silvers,Arizona (Big 12),FX,1000.0
Jojo Warga,Ohio State (Big Ten),FX,1000.0
Jordyn Lyden,Minnesota (Big Ten),FX,1000.0
Jordyn Paradise,Alabama (SEC),FX,1000.0
Josephine Kogler,Maryland (Big Ten),FX,1000.0
Julianna Weeks,Arkansas (SEC),FX,1000.0
Kaetlyn Tenesch,BYU (Big 12),FX,1000.0
Kaia Tanskanen,Missouri (SEC),FX,1000.0
Kaila Lawrence,Kentucky (SEC),FX,1000.0
Kailee Adomaites,NC State (ACC),FX,1000.0
Kaliya Lincoln,LSU (SEC),FX,1000.0
Karis German,Alabama (SEC),FX,1000.0
Kasey Burke,George Washington (Atlantic 10 Conference),FX,1000.0
Kate Bryant,Clemson (ACC),FX,1000.0
Kate Parks,Ohio State (Big Ten),FX,1000.0
Katie Harper,NC State (ACC),FX,1000.0
Katie Sawyer,Michigan State (Big Ten),FX,1000.0
Kayla Lee,Arizona State (Big 12),FX,1000.0
Kayla Pardue,Southern Utah (WAC),FX,1000.0
Keeley Smith,Rutgers (Big Ten),FX,1000.0
Keira Wells,Oklahoma (SEC),FX,1000.0
Kelsey Lee,Georgia (SEC),FX,1000.0
Kendall Abney,Michigan State (Big Ten),FX,1000.0
Kendall Landry,Minnesota (Big Ten),FX,1000.0
Kendall McGuire,Southern Utah (WAC),FX,1000.0
Kennedy Brown,Illinois (Big Ten),FX,1000.0
Kerrington Baham,Ohio State (Big Ten),FX,1000.0
Kielyn McCright,Clemson (ACC),FX,1000.0
Kiley Rorich,Denver (Big 12),FX,1000.0
Kira Bolden,Washington (Big Ten),FX,1000.0
Kristin Lin,Washington (Big Ten),FX,1000.0
Kylie Coen,LSU (SEC),FX,1000.0
Kylie Minard,Missouri (SEC),FX,1000.0
Kyra Burns,Missouri (SEC),FX,1000.0
Lali Dekanoidze,North Carolina (ACC),FX,1000.0
Lauren Brendlinger,Maryland (Big Ten),FX,1000.0
Lauren Hollifield,Nebraska (Big Ten),FX,1000.0
Lauren Hsu,Michigan State (Big Ten),FX,1000.0
Lauren Letzsch,Oregon State (Pac-12),FX,1000.0
Lauren Thomas,Iowa State (Big 12),FX,1000.0
Layla Hammer,Maryland (Big Ten),FX,1000.0
Leah Miller,LSU (SEC),FX,1000.0
Levi Jung-Ruivivar,Stanford (ACC),FX,1000.0
Lexi Zeiss,LSU (SEC),FX,1000.0
Lilly Timmerman,Minnesota (Big Ten),FX,1000.0
Lilly Tubbs,Washington (Big Ten),FX,1000.0
Lily Bruce,Florida (SEC),FX,1000.0
Lily Kurrack,Clemson (ACC),FX,1000.0
Lindsay Bacheler,Maryland (Big Ten),FX,1000.0
Lisa Szeibert,Missouri (SEC),FX,1000.0
Logan Buckmon,Maryland (Big Ten),FX,1000.0
Lola Montevago,George Washington (Atlantic 10 Conference),FX,1000.0
Lucie Kirchner,Michigan (Big Ten),FX,1000.0
Lundyn VanderToolen,Utah State (Mountain West Conference),FX,1000.0
Mackenzie Kelly,Southern Utah (WAC),FX,1000.0
Macy Jennings,NC State (ACC),FX,1000.0
Maggie Holman,Clemson (ACC),FX,1000.0
Maisyn Rader,Ohio State (Big Ten),FX,1000.0
Makayla Green,Illinois (Big Ten),FX,1000.0
Mallory Gregory,Ohio State (Big Ten),FX,1000.0
Mara Titarsolej,Missouri (SEC),FX,1000.0
Maria Ferguson,Southern Utah (WAC),FX,1000.0
Marisa Fisher,Minnesota (Big Ten),FX,1000.0
Marissa Neal,Auburn (SEC),FX,1000.0
Mary Green,Ohio State (Big Ten),FX,1000.0
Mary McDonough,Washington (Big Ten),FX,1000.0
McClaine Daigle,Arizona State (Big 12),FX,1000.0
McKenna Carnesi,Washington (Big Ten),FX,1000.0
Megan Sapp,Illinois (Big Ten),FX,1000.0
Mia Erdoes,UCLA (Big Ten),FX,1000.0
Mia Heather,Oregon State (Pac-12),FX,1000.0
Mia Hebinck,Denver (Big 12),FX,1000.0
Miki Aderinto,California (ACC),FX,1000.0
Mila Brusch,Denver (Big 12),FX,1000.0
Molly Arnold,Clemson (ACC),FX,1000.0
Molly Peterson,Nebraska (Big Ten),FX,1000.0
Morgan Walsh,Minnesota (Big Ten),FX,1000.0
Mya North,Southern Utah (WAC),FX,1000.0
Natalia Pawlak,Alabama (SEC),FX,1000.0
Natalie Thomas,George Washington (Atlantic 10 Conference),FX,1000.0
Naya Howard,Georgia (SEC),FX,1000.0
Nicole King,Georgia (SEC),FX,1000.0
Nicollette Crochet,Maryland (Big Ten),FX,1000.0
Nina Laurito,Arizona State (Big 12),FX,1000.0
Noelle Ball,Boise State (Mountain West Conference),FX,1000.0
Olivia Buckner,Oregon State (Pac-12),FX,1000.0
Olivia Childs,Arizona (Big 12),FX,1000.0
Olivia Kennedy,Utah (Big 12),FX,1000.0
Olivia Oppegard,Washington (Big Ten),FX,1000.0
Olivia VanHorn,University of Pennsylvania (Ivy League),FX,1000.0
Olivia Yarussi,Penn State (Big Ten),FX,1000.0
Olivia Zsarmani,Michigan State (Big Ten),FX,1000.0
Ondine Achampong,California (ACC),FX,1000.0
Paige Anastasi,UCLA (Big Ten),FX,1000.0
Paige Zancan,Auburn (SEC),FX,1000.0
Paityn Walker,Alabama (SEC),FX,1000.0
Porsche Trinidad,Stanford (ACC),FX,1000.0
Quinn Kuhl,Clemson (ACC),FX,1000.0
Rachel Rybicki,Alabama (SEC),FX,1000.0
Railey Jackson,Missouri (SEC),FX,1000.0
Reese Baechle,Nebraska (Big Ten),FX,1000.0
Reese Baker,Nebraska (Big Ten),FX,1000.0
Reese Drotar,Arkansas (SEC),FX,1000.0
Reese Wilson,Iowa (Big Ten),FX,1000.0
Riley Maness,West Virginia (Big 12),FX,1000.0
Riley McCusker,Florida (SEC),FX,1000.0
Ryan Noonan,Kentucky (SEC),FX,1000.0
Rylee Miller,Southern Utah (WAC),FX,1000.0
Sadie Smith,Arkansas (SEC),FX,1000.0
Sage Kellerman,Michigan State (Big Ten),FX,1000.0
Sage Melkonian,California (ACC),FX,1000.0
Sage Paladino,Southern Utah (WAC),FX,1000.0
Samara Buchanan,Ohio State (Big Ten),FX,1000.0
Sara Hubbard,Auburn (SEC),FX,1000.0
Sarah Krump,Utah (Big 12),FX,1000.0
Sarah Moraw,Minnesota (Big Ten),FX,1000.0
Sarah Saville,Maryland (Big Ten),FX,1000.0
Shani Sirota,Maryland (Big Ten),FX,1000.0
Sharon Lee,Kentucky (SEC),FX,1000.0
Sierra Church,Clemson (ACC),FX,1000.0
Sierra Kondo,Maryland (Big Ten),FX,1000.0
Skye Blakely,Florida (SEC),FX,1000.0
Skylar Killough-Wilhelm,Kentucky (SEC),FX,1000.0
Sloane Blakely,Florida (SEC),FX,1000.0
Sophia Greaves,Auburn (SEC),FX,1000.0
Sophia Maisel,Arizona (Big 12),FX,1000.0
Sophia Nguyen,Minnesota (Big Ten),FX,1000.0
Sophia Stephens,Arizona (Big 12),FX,1000.0
Sophie Derr,Arizona (Big 12),FX,1000.0
Sophie Swartzmiller,Minnesota (Big Ten),FX,1000.0
Stephanie Lebster,Michigan State (Big Ten),FX,1000.0
Sydney Barros,UCLA (Big Ten),FX,1000.0
Sydney Schumaker,Auburn (SEC),FX,1000.0
Sydney Turner,Iowa (Big Ten),FX,1000.0
Sydney Wilke,Illinois (Big Ten),FX,1000.0
Syniya Thomas,NC State (ACC),FX,1000.0
Takoda Berry,Clemson (ACC),FX,1000.0
Tara Walsh,Clemson (ACC),FX,1000.0
Tasha Brozowski,Maryland (Big Ten),FX,1000.0
Taylor DeVries,Oregon State (Pac-12),FX,1000.0
Taylor Russon,Washington (Big Ten),FX,1000.0
Teagan White,Arizona (Big 12),FX,1000.0
Temple Landry,Stanford (ACC),FX,1000.0
Tirzah Wise,Arizona (Big 12),FX,1000.0
Tori Tatum,LSU (SEC),FX,1000.0
Trinity Brown,Clemson (ACC),FX,1000.0
Trinity Webb,Clemson (ACC),FX,1000.0
Trista Goodman,Southern Utah (WAC),FX,1000.0
Ui Soma,Stanford (ACC),FX,1000.0
Victoria Gatzendorfer,Maryland (Big Ten),FX,1000.0
Victoria Roberts,LSU (SEC),FX,1000.0
Zoe Miller,LSU (SEC),FX,1000.0
Zoe Safran,George Washington (Atlantic 10 Conference),FX,1000.0
Zora Morgan,Georgia (SEC),FX,1000.0
